source_path,source_line,diagnostic_type,diagnostic_reference_va,factory_candidate_va,wrapper_va,allocation_call_va,allocation_routine_va,allocation_bytes,allocation_hex,initialization_function_candidate,confidence
core/func.cpp,317,funcChainInf,0x004127b9,0x004127b0,0x00411910,0x0041191b,0x0054275d,44,0x2c,0x00411a70,Exact immediate and call chain observed; semantic type/layout not proven
core/grpfont.cpp,920,AflDIB,0x004158ae,0x00415830,0x00413c50,0x00413c5e,0x0054275d,292,0x124,0x00414200,Exact immediate and call chain observed; semantic type/layout not proven
core/main.cpp,172,FuncCtrlInf,0x0041e975,0x0041e7d0,0x004187a0,0x004187ca,0x0054275d,56,0x38,0x00418a80,Exact immediate and call chain observed; semantic type/layout not proven
core/pad.cpp,771,InputInf,0x00422b04,0x00422b00,0x0041f830,0x0041f83e,0x0054275d,12024,0x2ef8,0x0041f8a0,Exact immediate and call chain observed; semantic type/layout not proven
core/screen.cpp,580,ScreenInf,0x004250f4,0x004250f0,0x00422d40,0x00422d4b,0x0054275d,68,0x44,0x004233b0,Exact immediate and call chain observed; semantic type/layout not proven
core/sound.cpp,255,CSoundManager,0x00426439,0x004263e0,0x004259a0,0x004259ab,0x0054275d,4,0x4,0x00425cc0,Exact immediate and call chain observed; semantic type/layout not proven
core/sprtlib.cpp,2888,SprtInf,0x0044caa3,0x0044c9b0,0x00447800,0x0044780e,0x0054275d,1508,0x5e4,0x00448b40,Exact immediate and call chain observed; semantic type/layout not proven
core/sprtlib.cpp,950,SprtGroupInf,0x0044edb7,0x0044ed40,0x004477b0,0x004477bb,0x0054275d,112,0x70,0x00448a30,Exact immediate and call chain observed; semantic type/layout not proven
core/zwave.cpp,119,CWaveFile,0x00459aac,0x00459a70,0x004594d0,0x004594de,0x0054275d,160,0xa0,0x004596d0,Exact immediate and call chain observed; semantic type/layout not proven
core/zwave.cpp,173,CStreamingSound,0x00459cff,0x00459a70,0x004593f0,0x0045941d,0x0054275d,168,0xa8,0x0040b280,Exact immediate and call chain observed; semantic type/layout not proven
core/zwave.cpp,209,CWaveFile,0x00459db9,0x00459d70,0x004594d0,0x004594de,0x0054275d,160,0xa0,0x004596d0,Exact immediate and call chain observed; semantic type/layout not proven
core/zwave.cpp,256,CStreamingSound,0x00459fdc,0x00459d70,0x004593f0,0x0045941d,0x0054275d,168,0xa8,0x0040b280,Exact immediate and call chain observed; semantic type/layout not proven
effect/effchargepoint.cpp,40,EffectChargePointInf,0x0045d008,0x0045d000,0x0045c090,0x0045c0bd,0x0054275d,6464,0x1940,0x0040b280,Exact immediate and call chain observed; semantic type/layout not proven
effect/efffanspark.cpp,131,EffectFanSparkInf,0x0045dc78,0x0045dc70,0x0045d2c0,0x0045d2ed,0x0054275d,992,0x3e0,0x0040b280,Exact immediate and call chain observed; semantic type/layout not proven
effect/effline.cpp,154,EffectLineEffectInf,0x0045e528,0x0045e520,0x0045dd90,0x0045ddbd,0x0054275d,800,0x320,0x0040b280,Exact immediate and call chain observed; semantic type/layout not proven
effect/effline.cpp,70,EffectLineEffectInf,0x0045e558,0x0045e550,0x0045dd90,0x0045ddbd,0x0054275d,800,0x320,0x0040b280,Exact immediate and call chain observed; semantic type/layout not proven
effect/efflinespark.cpp,125,EffectLineSparkInf,0x0045ec78,0x0045ec70,0x0045e5d0,0x0045e5fd,0x0054275d,2912,0xb60,0x0040b280,Exact immediate and call chain observed; semantic type/layout not proven
effect/efflinespark2.cpp,135,EffectLineSpark2Inf,0x0045fd18,0x0045fd10,0x0045f0a0,0x0045f0cd,0x0054275d,2988,0xbac,0x0040b280,Exact immediate and call chain observed; semantic type/layout not proven
effect/efflinestone.cpp,139,EffectLineStoneInf,0x00460808,0x00460800,0x00460040,0x0046006d,0x0054275d,996,0x3e4,0x0040b280,Exact immediate and call chain observed; semantic type/layout not proven
effect/efflinestone2.cpp,145,EffectLineStone2Inf,0x00460f38,0x00460f30,0x00460870,0x0046089d,0x0054275d,1012,0x3f4,0x0040b280,Exact immediate and call chain observed; semantic type/layout not proven
effect/effmenuwindow.cpp,93,EffectMenuWindowInf,0x004613a8,0x004613a0,0x00460f60,0x00460f8a,0x0054275d,72,0x48,0x0040b280,Exact immediate and call chain observed; semantic type/layout not proven
effect/effpyramid.cpp,379,EffectPyramidInf,0x00463288,0x00463280,0x00461530,0x0046155d,0x0054275d,436,0x1b4,0x0040b280,Exact immediate and call chain observed; semantic type/layout not proven
effect/effscreenswitch.cpp,37,EffectScreenSwitchInf,0x00465968,0x00465960,0x00464640,0x0046466d,0x0054275d,7560,0x1d88,0x0040b280,Exact immediate and call chain observed; semantic type/layout not proven
effect/effshortline.cpp,60,EffectShortLineEffectInf,0x00466278,0x00466270,0x00465cb0,0x00465cdd,0x0054275d,268,0x10c,0x0040b280,Exact immediate and call chain observed; semantic type/layout not proven
effect/effshortline2.cpp,60,EffectShortLineEffect2Inf,0x00466868,0x00466860,0x004662a0,0x004662cd,0x0054275d,388,0x184,0x0040b280,Exact immediate and call chain observed; semantic type/layout not proven
effect/effshortline3.cpp,83,EffectShortLineEffect3Inf,0x00466f88,0x00466f80,0x00466890,0x004668bd,0x0054275d,11544,0x2d18,0x0040b280,Exact immediate and call chain observed; semantic type/layout not proven
effect/effstonegaugeline.cpp,130,EffectStoneGaugeLineInf,0x00467c28,0x00467c20,0x00467100,0x0046712d,0x0054275d,412,0x19c,0x0040b280,Exact immediate and call chain observed; semantic type/layout not proven
game/ascii.cpp,1118,JapaneseStrInf,0x0046c43d,0x0046c210,0x0046a1c0,0x0046a1ce,0x0054275d,1668,0x684,0x0046ac80,Exact immediate and call chain observed; semantic type/layout not proven
game/ascii.cpp,1139,JapaneseStrInf,0x0046c5a2,0x0046c210,0x0046a1c0,0x0046a1ce,0x0054275d,1668,0x684,0x0046ac80,Exact immediate and call chain observed; semantic type/layout not proven
game/ascii.cpp,111,AsciiInf,0x00471064,0x00471060,0x0046a170,0x0046a17e,0x0054275d,107360,0x1a360,0x0046a8e0,Exact immediate and call chain observed; semantic type/layout not proven
game/background.cpp,1029,RenderMeshInf,0x00475fb2,0x004751b0,0x004712d0,0x004712fa,0x0054275d,36,0x24,0x0040b280,Exact immediate and call chain observed; semantic type/layout not proven
game/background.cpp,1031,RenderMeshInf,0x00475fdb,0x004751b0,0x004712d0,0x004712fa,0x0054275d,36,0x24,0x0040b280,Exact immediate and call chain observed; semantic type/layout not proven
game/background.cpp,136,BackGroundInf,0x00477884,0x00477880,0x00471280,0x0047128e,0x0054275d,13164,0x336c,0x00471480,Exact immediate and call chain observed; semantic type/layout not proven
game/bomb.cpp,87,BombInf,0x00478306,0x00478300,0x00477960,0x0047796b,0x0054275d,60,0x3c,0x004779b0,Exact immediate and call chain observed; semantic type/layout not proven
game/bomb_marisaa.cpp,172,BombMarisaAInf,0x00479123,0x00479120,0x004783a0,0x004783cd,0x0054275d,204,0xcc,0x004784e0,Exact immediate and call chain observed; semantic type/layout not proven
game/bomb_reimua.cpp,295,BombReimuAInf,0x0047a613,0x0047a610,0x00479140,0x0047916d,0x0054275d,5368,0x14f8,0x00479280,Exact immediate and call chain observed; semantic type/layout not proven
game/bullet.cpp,666,BulletInf,0x00486634,0x00486630,0x0047b5f0,0x0047b5fe,0x0054275d,2649512,0x286da8,0x0047b8a0,Exact immediate and call chain observed; semantic type/layout not proven
game/card.cpp,641,CardInf,0x00488b24,0x00488b20,0x00486a80,0x00486a8e,0x0054275d,200,0xc8,0x00486bb0,Exact immediate and call chain observed; semantic type/layout not proven
game/ecl.cpp,2387,EnemyDataInf::BossRenderInf,0x00495ac2,0x0048c010,0x0048b010,0x0048b01b,0x0054275d,28,0x1c,,Exact immediate and call chain observed; semantic type/layout not proven
game/ecl.cpp,2395,RenderMeshInf,0x00495bc5,0x0048c010,0x004712d0,0x004712fa,0x0054275d,36,0x24,0x0040b280,Exact immediate and call chain observed; semantic type/layout not proven
game/effect.cpp,213,EffectInf,0x0049e0c4,0x0049e0c0,0x0049cc90,0x0049cc9e,0x0054275d,77892,0x13044,0x0049ce80,Exact immediate and call chain observed; semantic type/layout not proven
game/ending.cpp,128,EndingMsgInf,0x004a093b,0x004a0600,0x0049e980,0x0049e9ad,0x0054275d,240,0xf0,0x0040b280,Exact immediate and call chain observed; semantic type/layout not proven
game/ending.cpp,170,EndingInf,0x004a1014,0x004a1010,0x0049e930,0x0049e93b,0x0054275d,40,0x28,0x0049ec30,Exact immediate and call chain observed; semantic type/layout not proven
game/enemy.cpp,205,EclResourceInf,0x004a70b2,0x004a7080,0x004a2870,0x004a287e,0x0054275d,572,0x23c,0x004a2e40,Exact immediate and call chain observed; semantic type/layout not proven
game/enemy.cpp,69,EnemyInf,0x004a8929,0x004a8920,0x004a2910,0x004a291e,0x0054275d,1064,0x428,0x004a33c0,Exact immediate and call chain observed; semantic type/layout not proven
game/enemy.cpp,420,EnemyCtrlInf,0x004aba74,0x004aba70,0x004a28c0,0x004a28ce,0x0054275d,308,0x134,0x004a2e80,Exact immediate and call chain observed; semantic type/layout not proven
game/fps.cpp,61,FPSInf,0x004ac1a4,0x004ac1a0,0x004abad0,0x004abade,0x0054275d,264,0x108,0x004abb80,Exact immediate and call chain observed; semantic type/layout not proven
game/front.cpp,402,FrontInf,0x004b9094,0x004b9090,0x004ae8a0,0x004ae8cd,0x0054275d,728,0x2d8,0x004aef90,Exact immediate and call chain observed; semantic type/layout not proven
game/front.cpp,1199,MsgInf,0x004b9975,0x004b9740,0x004ae930,0x004ae95d,0x0054275d,320,0x140,0x0040b280,Exact immediate and call chain observed; semantic type/layout not proven
game/game.cpp,594,GameInf,0x004bec76,0x004bec70,0x004b9b10,0x004b9b1e,0x0054275d,272,0x110,0x004b9df0,Exact immediate and call chain observed; semantic type/layout not proven
game/help.cpp,86,HelpInf,0x004bfc74,0x004bfc70,0x004bedf0,0x004bedfe,0x0054275d,320,0x140,0x004bee70,Exact immediate and call chain observed; semantic type/layout not proven
game/hit.cpp,605,HitInf,0x004c0ecf,0x004c0e60,0x004bfe30,0x004bfe3e,0x0054275d,196,0xc4,0x004bffb0,Exact immediate and call chain observed; semantic type/layout not proven
game/hit.cpp,73,HitCtrlInf,0x004c20d4,0x004c20d0,0x004bfde0,0x004bfdee,0x0054275d,50272,0xc460,0x004bfee0,Exact immediate and call chain observed; semantic type/layout not proven
game/item.cpp,113,ItemInf,0x004c5014,0x004c5010,0x004c2130,0x004c213e,0x0054275d,4835484,0x49c89c,0x004c22e0,Exact immediate and call chain observed; semantic type/layout not proven
game/keyconfig.cpp,74,KeyConfigTaskInf,0x004c7cb4,0x004c7cb0,0x004c5410,0x004c541e,0x0054275d,276,0x114,0x004c5530,Exact immediate and call chain observed; semantic type/layout not proven
game/laser.h,315,LaserLineInf,0x004cfb49,0x004cfb40,0x004c8190,0x004c819e,0x0054275d,6392,0x18f8,0x00544760,Exact immediate and call chain observed; semantic type/layout not proven
game/laser.cpp,2638,CurveEquationInf,0x004d3870,0x004d3230,0x004c7f90,0x004c7f9b,0x0054275d,60,0x3c,,Exact immediate and call chain observed; semantic type/layout not proven
game/laser.cpp,1730,LaserHitDataInf,0x004d40f4,0x004d3d70,0x004c7fd0,0x004c7fdb,0x0054275d,60,0x3c,0x004c8240,Exact immediate and call chain observed; semantic type/layout not proven
game/laser.cpp,551,LaserHitDataInf,0x004d461c,0x004d4150,0x004c7fd0,0x004c7fdb,0x0054275d,60,0x3c,0x004c8240,Exact immediate and call chain observed; semantic type/layout not proven
game/laser.cpp,296,LaserLineInf,0x004d484b,0x004d47f0,0x004c8190,0x004c819e,0x0054275d,6392,0x18f8,0x00544760,Exact immediate and call chain observed; semantic type/layout not proven
game/laser.cpp,306,LaserInfiniteInf,0x004d48ac,0x004d47f0,0x004c8130,0x004c813e,0x0054275d,4920,0x1338,0x00544760,Exact immediate and call chain observed; semantic type/layout not proven
game/laser.cpp,317,LaserBeamInf,0x004d490d,0x004d47f0,0x004c8020,0x004c802e,0x0054275d,7472,0x1d30,0x00544760,Exact immediate and call chain observed; semantic type/layout not proven
game/laser.cpp,328,LaserCurveInf,0x004d4968,0x004d47f0,0x004c8080,0x004c808e,0x0054275d,4976,0x1370,0x00544760,Exact immediate and call chain observed; semantic type/layout not proven
game/laser.h,468,CurveEquationInf,0x004d5ab6,0x004d5a90,0x004c7f90,0x004c7f9b,0x0054275d,60,0x3c,,Exact immediate and call chain observed; semantic type/layout not proven
game/laser.cpp,163,LaserInf,0x004d7e44,0x004d7e40,0x004c80e0,0x004c80eb,0x0054275d,88,0x58,0x004c87c0,Exact immediate and call chain observed; semantic type/layout not proven
game/loading.cpp,239,LoadingInf,0x004d85c4,0x004d85c0,0x004d7ea0,0x004d7eae,0x0054275d,1564,0x61c,0x004d7ef0,Exact immediate and call chain observed; semantic type/layout not proven
game/mother.cpp,501,BITMAPINFO,0x004d9220,0x004d9210,0x004d8740,0x004d874b,0x0054275d,44,0x2c,,Exact immediate and call chain observed; semantic type/layout not proven
game/mother.cpp,233,SprtInf,0x004dd6ab,0x004dd600,0x00447800,0x0044780e,0x0054275d,1508,0x5e4,0x00448b40,Exact immediate and call chain observed; semantic type/layout not proven
game/mother.cpp,234,SprtInf,0x004dd6c0,0x004dd600,0x00447800,0x0044780e,0x0054275d,1508,0x5e4,0x00448b40,Exact immediate and call chain observed; semantic type/layout not proven
game/mother.cpp,235,SprtInf,0x004dd6d5,0x004dd600,0x00447800,0x0044780e,0x0054275d,1508,0x5e4,0x00448b40,Exact immediate and call chain observed; semantic type/layout not proven
game/mother.cpp,236,SprtInf,0x004dd6ea,0x004dd600,0x00447800,0x0044780e,0x0054275d,1508,0x5e4,0x00448b40,Exact immediate and call chain observed; semantic type/layout not proven
game/mother.cpp,237,SprtInf,0x004dd6ff,0x004dd600,0x00447800,0x0044780e,0x0054275d,1508,0x5e4,0x00448b40,Exact immediate and call chain observed; semantic type/layout not proven
game/notice.cpp,154,NoticeInf,0x004dfb94,0x004dfb90,0x004dea10,0x004dea1e,0x0054275d,304,0x130,0x004dea60,Exact immediate and call chain observed; semantic type/layout not proven
game/option.cpp,60,OptionTaskInf,0x004e1084,0x004e1080,0x004dfc00,0x004dfc0e,0x0054275d,164,0xa4,0x004dfc50,Exact immediate and call chain observed; semantic type/layout not proven
game/pause.cpp,238,PauseInf,0x004e6b84,0x004e6b80,0x004e1ba0,0x004e1bcd,0x0054275d,728,0x2d8,0x004e1ce0,Exact immediate and call chain observed; semantic type/layout not proven
game/player.cpp,313,PlayerInf,0x004ffff4,0x004ffff0,0x004f32b0,0x004f32be,0x0054275d,84060,0x1485c,0x004f46a0,Exact immediate and call chain observed; semantic type/layout not proven
game/plyshot.cpp,184,ShotInf,0x0050627b,0x00506210,0x005041b0,0x005041be,0x0054275d,292,0x124,0x00544760,Exact immediate and call chain observed; semantic type/layout not proven
game/replay.cpp,48,ReplayFileHeaderInf,0x005084da,0x00508480,0x00507000,0x0050702a,0x0054275d,48,0x30,,Exact immediate and call chain observed; semantic type/layout not proven
game/replay.cpp,54,ReplayDataHeaderInf,0x00508517,0x00508480,0x00506f80,0x00506fad,0x0054275d,256,0x100,,Exact immediate and call chain observed; semantic type/layout not proven
game/replay.cpp,55,ReplayStageDataHeaderInf,0x0050852d,0x00508480,0x00507080,0x005070ad,0x0054275d,672,0x2a0,,Exact immediate and call chain observed; semantic type/layout not proven
game/replay.h,140,ReplayRecDataInf,0x0050a2e9,0x0050a2e0,0x00507190,0x005071bd,0x0054275d,252028,0x3d87c,0x00507720,Exact immediate and call chain observed; semantic type/layout not proven
game/replay.cpp,818,ReplayStageDataHeaderInf,0x0050a6c6,0x0050a6b0,0x00507080,0x005070ad,0x0054275d,672,0x2a0,,Exact immediate and call chain observed; semantic type/layout not proven
game/replay.cpp,188,ReplayInf,0x0050a8e4,0x0050a8e0,0x00507100,0x0050712d,0x0054275d,864,0x360,0x00507560,Exact immediate and call chain observed; semantic type/layout not proven
game/replay.cpp,169,ReplayInf,0x0050a934,0x0050a930,0x00507100,0x0050712d,0x0054275d,864,0x360,0x00507560,Exact immediate and call chain observed; semantic type/layout not proven
game/score.cpp,118,ScoreInf,0x0050fce3,0x0050fce0,0x0050adc0,0x0050aded,0x0054275d,1196760,0x1242d8,0x0050e5d0,Exact immediate and call chain observed; semantic type/layout not proven
game/smallscore.cpp,57,SmallScoreInf,0x005108d4,0x005108d0,0x0050fd00,0x0050fd0e,0x0054275d,3992,0xf98,0x0050fdd0,Exact immediate and call chain observed; semantic type/layout not proven
game/stageclear.cpp,89,StageClearInf,0x005115db,0x005115c0,0x00510930,0x0051093e,0x0054275d,152,0x98,0x00510980,Exact immediate and call chain observed; semantic type/layout not proven
game/stoneenemy.cpp,76,StoneEnemyInf,0x00512f69,0x00512f60,0x00511870,0x0051189a,0x0054275d,52,0x34,0x005119e0,Exact immediate and call chain observed; semantic type/layout not proven
game/stoneenemy.cpp,67,StoneEnemyCtrlInf,0x00514243,0x00514240,0x005117e0,0x0051180d,0x0054275d,180,0xb4,0x00511980,Exact immediate and call chain observed; semantic type/layout not proven
game/stonemenu.cpp,302,StoneMenuInf,0x0051cc24,0x0051cc20,0x00515250,0x0051527d,0x0054275d,135428,0x21104,0x00515b90,Exact immediate and call chain observed; semantic type/layout not proven
game/title.cpp,5302,RenderMeshInf,0x0052c0ae,0x0052c030,0x004712d0,0x004712fa,0x0054275d,36,0x24,0x0040b280,Exact immediate and call chain observed; semantic type/layout not proven
game/title.cpp,219,TitleInf,0x0052cff0,0x0052cfe0,0x0051d900,0x0051d92d,0x0054275d,22904,0x5978,0x0051db00,Exact immediate and call chain observed; semantic type/layout not proven
game/trophy.cpp,181,TrophyInf,0x0052f94d,0x0052f900,0x0052d690,0x0052d69b,0x0054275d,84,0x54,0x0052da70,Exact immediate and call chain observed; semantic type/layout not proven
game/weaponblue.cpp,39,StoneBlueReimuInf,0x005305f3,0x005305f0,0x0052fa40,0x0052fa6a,0x0054275d,56,0x38,,Exact immediate and call chain observed; semantic type/layout not proven
game/weaponblue2.cpp,51,StoneBlueReimu2Inf,0x00530ae3,0x00530ae0,0x00530610,0x0053063a,0x0054275d,64,0x40,,Exact immediate and call chain observed; semantic type/layout not proven
game/weaponblue2_m.cpp,52,StoneBlueMarisa2Inf,0x00530c93,0x00530c90,0x00530b00,0x00530b2a,0x0054275d,64,0x40,,Exact immediate and call chain observed; semantic type/layout not proven
game/weaponblue_m.cpp,39,StoneBlueMarisaInf,0x00531033,0x00531030,0x00530cb0,0x00530cda,0x0054275d,56,0x38,,Exact immediate and call chain observed; semantic type/layout not proven
game/weapongreen.cpp,59,StoneGreenReimuInf,0x00531583,0x00531580,0x00531070,0x0053109a,0x0054275d,92,0x5c,,Exact immediate and call chain observed; semantic type/layout not proven
game/weapongreen2.cpp,73,StoneGreenReimu2Inf,0x00531bf3,0x00531bf0,0x005315c0,0x005315ed,0x0054275d,152,0x98,,Exact immediate and call chain observed; semantic type/layout not proven
game/weapongreen2_m.cpp,72,StoneGreenMarisa2Inf,0x005321c3,0x005321c0,0x00531c30,0x00531c5d,0x0054275d,152,0x98,,Exact immediate and call chain observed; semantic type/layout not proven
game/weapongreen_m.cpp,59,StoneGreenMarisaInf,0x00532313,0x00532310,0x005321e0,0x0053220a,0x0054275d,92,0x5c,,Exact immediate and call chain observed; semantic type/layout not proven
game/weaponred.cpp,42,StoneRedReimuInf,0x00532463,0x00532460,0x00532330,0x0053235a,0x0054275d,56,0x38,,Exact immediate and call chain observed; semantic type/layout not proven
game/weaponred2.cpp,35,StoneRedReimu2Inf,0x00532563,0x00532560,0x00532480,0x005324aa,0x0054275d,56,0x38,,Exact immediate and call chain observed; semantic type/layout not proven
game/weaponred2_m.cpp,36,StoneRedMarisa2Inf,0x00532633,0x00532630,0x00532580,0x005325aa,0x0054275d,56,0x38,,Exact immediate and call chain observed; semantic type/layout not proven
game/weaponred_m.cpp,37,StoneRedMarisaInf,0x00532703,0x00532700,0x00532650,0x0053267a,0x0054275d,56,0x38,,Exact immediate and call chain observed; semantic type/layout not proven
game/weaponstone.cpp,482,RenderMeshInf,0x0053490c,0x005348d0,0x004712d0,0x004712fa,0x0054275d,36,0x24,0x0040b280,Exact immediate and call chain observed; semantic type/layout not proven
game/weaponstone.cpp,652,RenderMeshInf,0x00534b48,0x00534ab0,0x004712d0,0x004712fa,0x0054275d,36,0x24,0x0040b280,Exact immediate and call chain observed; semantic type/layout not proven
game/weaponstone.cpp,256,WeaponStoneInf,0x00534dd4,0x00534dd0,0x005327b0,0x005327dd,0x0054275d,132,0x84,0x00532880,Exact immediate and call chain observed; semantic type/layout not proven
game/weaponyellow.cpp,71,StoneYellowReimuInf,0x005357f3,0x005357f0,0x00534e50,0x00534e7a,0x0054275d,72,0x48,,Exact immediate and call chain observed; semantic type/layout not proven
game/weaponyellow2.cpp,81,StoneYellowReimu2Inf,0x00536d53,0x00536d50,0x00535b40,0x00535b6a,0x0054275d,92,0x5c,,Exact immediate and call chain observed; semantic type/layout not proven
game/weaponyellow2_m.cpp,81,StoneYellowMarisa2Inf,0x005381b3,0x005381b0,0x005370a0,0x005370ca,0x0054275d,92,0x5c,,Exact immediate and call chain observed; semantic type/layout not proven
game/weaponyellow_m.cpp,72,StoneYellowMarisaInf,0x005389b3,0x005389b0,0x005381d0,0x005381fa,0x0054275d,72,0x48,,Exact immediate and call chain observed; semantic type/layout not proven
pack/_ArcMngr.cpp,78,File,0x0053a74b,0x0053a6f0,0x00539c80,0x00539c8b,0x0054275d,12,0xc,0x00539000,Exact immediate and call chain observed; semantic type/layout not proven
script/sptcmd.cpp,1013,SptBaseInf,0x0053e399,0x0053e390,0x0053b3d0,0x0053b3db,0x0054275d,72,0x48,,Exact immediate and call chain observed; semantic type/layout not proven
script/sptcmd.cpp,1014,LinkInf<SptBaseInf*>,0x0053e3ac,0x0053e390,0x0053b410,0x0053b41b,0x0054275d,20,0x14,0x00418a10,Exact immediate and call chain observed; semantic type/layout not proven
