dll,name,iat_va,hint,ordinal
KERNEL32.dll,GetConsoleTitleW,0x0056c04c,552,
KERNEL32.dll,WaitForSingleObject,0x0056c050,1555,
KERNEL32.dll,CreateEventW,0x0056c054,216,
KERNEL32.dll,CreateThread,0x0056c058,271,
KERNEL32.dll,FindClose,0x0056c05c,406,
KERNEL32.dll,FindFirstFileW,0x0056c060,417,
KERNEL32.dll,FindNextFileW,0x0056c064,429,
KERNEL32.dll,GetCurrentDirectoryW,0x0056c068,563,
KERNEL32.dll,GetConsoleMode,0x0056c06c,542,
KERNEL32.dll,GetConsoleOutputCP,0x0056c070,546,
KERNEL32.dll,FlushFileBuffers,0x0056c074,449,
KERNEL32.dll,SetStdHandle,0x0056c078,1411,
KERNEL32.dll,HeapQueryInformation,0x0056c07c,888,
KERNEL32.dll,HeapSize,0x0056c080,891,
KERNEL32.dll,GetProcessHeap,0x0056c084,732,
KERNEL32.dll,SetEnvironmentVariableW,0x0056c088,1353,
KERNEL32.dll,FreeEnvironmentStringsW,0x0056c08c,460,
KERNEL32.dll,GetEnvironmentStringsW,0x0056c090,602,
KERNEL32.dll,GetCommandLineW,0x0056c094,505,
KERNEL32.dll,GetCommandLineA,0x0056c098,504,
KERNEL32.dll,GetOEMCP,0x0056c09c,702,
KERNEL32.dll,GetACP,0x0056c0a0,468,
KERNEL32.dll,GetUserDefaultLCID,0x0056c0a4,831,
KERNEL32.dll,HeapReAlloc,0x0056c0a8,889,
KERNEL32.dll,SetFilePointerEx,0x0056c0ac,1368,
KERNEL32.dll,ReadFile,0x0056c0b0,1188,
KERNEL32.dll,GetFileType,0x0056c0b4,626,
KERNEL32.dll,EnumSystemLocalesW,0x0056c0b8,373,
KERNEL32.dll,IsValidLocale,0x0056c0bc,956,
KERNEL32.dll,GetLocaleInfoW,0x0056c0c0,650,
KERNEL32.dll,LCMapStringW,0x0056c0c4,992,
KERNEL32.dll,CompareStringW,0x0056c0c8,178,
KERNEL32.dll,VirtualProtect,0x0056c0cc,1544,
KERNEL32.dll,FlsFree,0x0056c0d0,444,
KERNEL32.dll,FlsSetValue,0x0056c0d4,447,
KERNEL32.dll,FlsGetValue,0x0056c0d8,445,
KERNEL32.dll,FlsAlloc,0x0056c0dc,443,
KERNEL32.dll,HeapFree,0x0056c0e0,886,
KERNEL32.dll,HeapAlloc,0x0056c0e4,882,
KERNEL32.dll,GetStdHandle,0x0056c0e8,763,
KERNEL32.dll,ExitProcess,0x0056c0ec,383,
KERNEL32.dll,GetModuleHandleExW,0x0056c0f0,669,
KERNEL32.dll,FreeLibraryAndExitThread,0x0056c0f4,462,
KERNEL32.dll,ExitThread,0x0056c0f8,384,
KERNEL32.dll,LoadLibraryExW,0x0056c0fc,1010,
KERNEL32.dll,FreeLibrary,0x0056c100,461,
KERNEL32.dll,TlsFree,0x0056c104,1498,
KERNEL32.dll,WideCharToMultiByte,0x0056c108,1594,
KERNEL32.dll,GetModuleFileNameW,0x0056c10c,666,
KERNEL32.dll,GetStartupInfoW,0x0056c110,761,
KERNEL32.dll,CreateMutexW,0x0056c114,245,
KERNEL32.dll,QueryPerformanceFrequency,0x0056c118,1150,
KERNEL32.dll,QueryPerformanceCounter,0x0056c11c,1149,
KERNEL32.dll,GetEnvironmentVariableW,0x0056c120,604,
KERNEL32.dll,MultiByteToWideChar,0x0056c124,1055,
KERNEL32.dll,FormatMessageW,0x0056c128,457,
KERNEL32.dll,LocalFree,0x0056c12c,1022,
KERNEL32.dll,GetLastError,0x0056c130,646,
KERNEL32.dll,CloseHandle,0x0056c134,156,
KERNEL32.dll,WriteFile,0x0056c138,1614,
KERNEL32.dll,IsValidCodePage,0x0056c13c,954,
KERNEL32.dll,SetFilePointer,0x0056c140,1367,
KERNEL32.dll,TlsSetValue,0x0056c144,1501,
KERNEL32.dll,TlsGetValue,0x0056c148,1499,
KERNEL32.dll,TlsAlloc,0x0056c14c,1497,
KERNEL32.dll,InitializeCriticalSectionAndSpinCount,0x0056c150,908,
KERNEL32.dll,SetLastError,0x0056c154,1384,
KERNEL32.dll,RaiseException,0x0056c158,1171,
KERNEL32.dll,RtlUnwind,0x0056c15c,1288,
KERNEL32.dll,GetFileSize,0x0056c160,623,
KERNEL32.dll,CreateFileW,0x0056c164,229,
KERNEL32.dll,GetTimeZoneInformation,0x0056c168,827,
KERNEL32.dll,Sleep,0x0056c16c,1463,
KERNEL32.dll,InitializeSListHead,0x0056c170,912,
KERNEL32.dll,GetCurrentProcessId,0x0056c174,571,
KERNEL32.dll,IsDebuggerPresent,0x0056c178,940,
KERNEL32.dll,IsProcessorFeaturePresent,0x0056c17c,948,
KERNEL32.dll,TerminateProcess,0x0056c180,1479,
KERNEL32.dll,GetCurrentProcess,0x0056c184,570,
KERNEL32.dll,SetUnhandledExceptionFilter,0x0056c188,1447,
KERNEL32.dll,UnhandledExceptionFilter,0x0056c18c,1513,
KERNEL32.dll,GetCPInfo,0x0056c190,483,
KERNEL32.dll,GetStringTypeW,0x0056c194,768,
KERNEL32.dll,LCMapStringEx,0x0056c198,991,
KERNEL32.dll,DecodePointer,0x0056c19c,294,
KERNEL32.dll,EncodePointer,0x0056c1a0,334,
KERNEL32.dll,DeleteCriticalSection,0x0056c1a4,301,
KERNEL32.dll,LeaveCriticalSection,0x0056c1a8,1004,
KERNEL32.dll,EnterCriticalSection,0x0056c1ac,338,
KERNEL32.dll,GetSystemTimeAsFileTime,0x0056c1b0,786,
KERNEL32.dll,WriteConsoleW,0x0056c1b4,1613,
KERNEL32.dll,InitializeCriticalSectionEx,0x0056c1b8,909,
KERNEL32.dll,GetCPInfoExW,0x0056c1bc,485,
KERNEL32.dll,InitOnceComplete,0x0056c1c0,901,
KERNEL32.dll,ReleaseSRWLockExclusive,0x0056c1c4,1253,
KERNEL32.dll,AcquireSRWLockExclusive,0x0056c1c8,0,
KERNEL32.dll,WakeAllConditionVariable,0x0056c1cc,1563,
KERNEL32.dll,SleepConditionVariableSRW,0x0056c1d0,1465,
KERNEL32.dll,GetModuleHandleW,0x0056c1d4,670,
KERNEL32.dll,GetProcAddress,0x0056c1d8,725,
KERNEL32.dll,WaitForSingleObjectEx,0x0056c1dc,1556,
KERNEL32.dll,GetCurrentThreadId,0x0056c1e0,575,
KERNEL32.dll,GetExitCodeThread,0x0056c1e4,608,
KERNEL32.dll,TryAcquireSRWLockExclusive,0x0056c1e8,1505,
KERNEL32.dll,FormatMessageA,0x0056c1ec,456,
KERNEL32.dll,GetLocaleInfoEx,0x0056c1f0,649,
KERNEL32.dll,CreateDirectoryW,0x0056c1f4,211,
KERNEL32.dll,FindFirstFileExW,0x0056c1f8,412,
KERNEL32.dll,GetFileAttributesExW,0x0056c1fc,613,
KERNEL32.dll,AreFileApisANSI,0x0056c200,37,
KERNEL32.dll,GetFileInformationByHandleEx,0x0056c204,619,
KERNEL32.dll,InitOnceBeginInitialize,0x0056c208,900,
USER32.dll,IsWindow,0x0056c220,592,
USER32.dll,DestroyWindow,0x0056c224,184,
USER32.dll,ShowWindow,0x0056c228,935,
USER32.dll,SetWindowPos,0x0056c22c,910,
USER32.dll,CreateDialogParamW,0x0056c230,108,
USER32.dll,GetDlgItem,0x0056c234,339,
USER32.dll,CheckRadioButton,0x0056c238,72,
USER32.dll,IsDlgButtonChecked,0x0056c23c,571,
USER32.dll,GetKeyState,0x0056c240,367,
USER32.dll,EnableWindow,0x0056c244,243,
USER32.dll,GetSystemMetrics,0x0056c248,466,
USER32.dll,UpdateWindow,0x0056c24c,994,
USER32.dll,SetForegroundWindow,0x0056c250,841,
USER32.dll,BeginPaint,0x0056c254,18,
USER32.dll,RegisterClassW,0x0056c258,746,
USER32.dll,InvalidateRect,0x0056c25c,555,
USER32.dll,GetWindowRect,0x0056c260,505,
USER32.dll,AdjustWindowRectEx,0x0056c264,4,
USER32.dll,ShowCursor,0x0056c268,930,
USER32.dll,SetCursor,0x0056c26c,824,
USER32.dll,FillRect,0x0056c270,278,
USER32.dll,SetWindowLongW,0x0056c274,907,
USER32.dll,LoadCursorW,0x0056c278,610,
USER32.dll,IsDialogMessageW,0x0056c27c,570,
USER32.dll,EnumDisplaySettingsW,0x0056c280,264,
USER32.dll,SystemParametersInfoW,0x0056c284,952,
USER32.dll,GetRawInputData,0x0056c288,447,
USER32.dll,RegisterRawInputDevices,0x0056c28c,765,
USER32.dll,WINNLSEnableIME,0x0056c290,1012,
USER32.dll,GetKeyboardState,0x0056c294,372,
USER32.dll,CreateWindowExW,0x0056c298,121,
USER32.dll,DefWindowProcW,0x0056c29c,170,
USER32.dll,SendMessageW,0x0056c2a0,808,
USER32.dll,EndPaint,0x0056c2a4,249,
USER32.dll,MessageBoxW,0x0056c2a8,660,
USER32.dll,GetDC,0x0056c2ac,328,
USER32.dll,ReleaseDC,0x0056c2b0,780,
USER32.dll,TranslateMessage,0x0056c2b4,968,
USER32.dll,DispatchMessageW,0x0056c2b8,192,
USER32.dll,SetKeyboardState,0x0056c2bc,845,
USER32.dll,PostThreadMessageW,0x0056c2c0,698,
USER32.dll,KillTimer,0x0056c2c4,602,
USER32.dll,SetTimer,0x0056c2c8,894,
USER32.dll,MsgWaitForMultipleObjects,0x0056c2cc,667,
USER32.dll,PeekMessageW,0x0056c2d0,691,
GDI32.dll,GetStockObject,0x0056c010,725,
GDI32.dll,GetDeviceCaps,0x0056c014,657,
GDI32.dll,CreateSolidBrush,0x0056c018,90,
GDI32.dll,TextOutW,0x0056c01c,957,
GDI32.dll,CreateDIBSection,0x0056c020,55,
GDI32.dll,SetTextColor,0x0056c024,938,
GDI32.dll,SetBkMode,0x0056c028,899,
GDI32.dll,SelectObject,0x0056c02c,891,
GDI32.dll,GetTextExtentPoint32W,0x0056c030,742,
GDI32.dll,EnumFontFamiliesExW,0x0056c034,468,
GDI32.dll,DeleteObject,0x0056c038,404,
GDI32.dll,DeleteDC,0x0056c03c,401,
GDI32.dll,CreateFontW,0x0056c040,68,
GDI32.dll,CreateCompatibleDC,0x0056c044,49,
ole32.dll,CoInitialize,0x0056c368,93,
ole32.dll,CoSetProxyBlanket,0x0056c36c,132,
ole32.dll,CoCreateInstance,0x0056c370,40,
ole32.dll,CoUninitialize,0x0056c374,142,
OLEAUT32.dll,SysFreeString,0x0056c210,,6
OLEAUT32.dll,VariantInit,0x0056c214,,8
OLEAUT32.dll,SysAllocString,0x0056c218,,2
DINPUT8.dll,DirectInput8Create,0x0056c000,0,
DSOUND.dll,ordinal_11,0x0056c008,,11
d3d9.dll,Direct3DCreate9,0x0056c2f8,10,
d3dx9_43.dll,D3DXCreateTexture,0x0056c300,92,
d3dx9_43.dll,D3DXMatrixRotationZ,0x0056c304,216,
d3dx9_43.dll,D3DXVec3ProjectArray,0x0056c308,312,
d3dx9_43.dll,D3DXMatrixTranslation,0x0056c30c,221,
d3dx9_43.dll,D3DXMatrixLookAtLH,0x0056c310,196,
d3dx9_43.dll,D3DXLoadSurfaceFromSurface,0x0056c314,183,
d3dx9_43.dll,D3DXVec3TransformCoord,0x0056c318,315,
d3dx9_43.dll,D3DXMatrixRotationY,0x0056c31c,214,
d3dx9_43.dll,D3DXMatrixRotationX,0x0056c320,213,
d3dx9_43.dll,D3DXMatrixMultiply,0x0056c324,198,
d3dx9_43.dll,D3DXVec3Project,0x0056c328,311,
d3dx9_43.dll,D3DXVec3Transform,0x0056c32c,313,
d3dx9_43.dll,D3DXMatrixPerspectiveFovLH,0x0056c330,204,
d3dx9_43.dll,D3DXLoadSurfaceFromFileInMemory,0x0056c334,178,
WINMM.dll,timeBeginPeriod,0x0056c2d8,144,
WINMM.dll,timeEndPeriod,0x0056c2dc,145,
WINMM.dll,joyGetDevCapsW,0x0056c2e0,24,
WINMM.dll,joyGetPosEx,0x0056c2e4,27,
WINMM.dll,timeGetTime,0x0056c2e8,148,
XINPUT1_4.dll,ordinal_2,0x0056c2f0,,2
gdiplus.dll,GdipAlloc,0x0056c33c,33,
gdiplus.dll,GdipFree,0x0056c340,237,
gdiplus.dll,GdiplusStartup,0x0056c344,629,
gdiplus.dll,GdipCloneImage,0x0056c348,54,
gdiplus.dll,GdipDisposeImage,0x0056c34c,152,
gdiplus.dll,GdipSaveImageToFile,0x0056c350,496,
gdiplus.dll,GdipCreateBitmapFromHBITMAP,0x0056c354,77,
gdiplus.dll,GdipGetImageEncodersSize,0x0056c358,287,
gdiplus.dll,GdipGetImageEncoders,0x0056c35c,286,
gdiplus.dll,GdiplusShutdown,0x0056c360,628,
