from_va,to_va,function_entry,reference_type,text
"0x004117dd","0x0056c484","0x004117c0","DATA","Unknown exception"
"0x004117e4","0x0056c484","0x004117c0","DATA","Unknown exception"
"0x0040e107","0x0056c4b0","0x0040e100","DATA","bad array new length"
"0x0040fb03","0x0056c4c8","0x0040fb00","DATA","string too long"
"0x00411557","0x0056c51c","0x00411550","DATA","generic"
"0x00411567","0x0056c540","0x00411560","DATA","system"
"0x004113c9","0x0056c548","0x00411340","DATA","unknown error"
"0x0041065c","0x0056c570","0x00410610","DATA","exists"
"0x0041013e","0x0056c578","0x004100e0","DATA","D:\cygwin\home\zun\prog\th20\src\core\filectrl.cpp:50 u_char"
"0x0041041e","0x0056c5b8","0x004103c0","DATA","D:\cygwin\home\zun\prog\th20\src\core\filectrl.cpp:131 u_char"
"0x00410b72","0x0056c5f8","0x00410aa0","DATA","%s Decode ... 
"
"0x00410bbc","0x0056c60c","0x00410aa0","DATA","%s Load ... 
"
"0x00410c0e","0x0056c61c","0x00410aa0","DATA","error : %s is not found.
"
"0x00410c4f","0x0056c638","0x00410aa0","DATA","error : %s allocation error.
"
"0x004108f5","0x0056c658","0x00410840","DATA","error : %s write error %s
"
"0x00410dd5","0x0056c658","0x00410cf0","DATA","error : %s write error %s
"
"0x00410f56","0x0056c658","0x00410e70","DATA","error : %s write error %s
"
"0x00410fd3","0x0056c674","0x00410e70","DATA","error : %s write error
"
"0x00411015","0x0056c690","0x00410e70","DATA","%s write ...
"
"0x00410938","0x0056c6a0","0x00410840","DATA","%s open ...
"
"0x00410e18","0x0056c6a0","0x00410cf0","DATA","%s open ...
"
"0x004110f8","0x0056c6b0","0x00411060","DATA","error : write error
"
"0x00411120","0x0056c6c8","0x00411060","DATA","write ...
"
"0x004109fb","0x0056c6d4","0x00410990","DATA","D:\cygwin\home\zun\prog\th20\src\core\filectrl.cpp:496 void"
"0x00410a5c","0x0056c710","0x00410990","DATA","Read ...
"
"0x00410754","0x0056c71c","0x004106e0","DATA","close ...
"
"0x004127b9","0x0056c728","0x004127b0","DATA","D:\cygwin\home\zun\prog\th20\src\core\func.cpp:317 funcChainInf"
"0x00416476","0x0056c7e0","0x00416420","DATA","D:\cygwin\home\zun\prog\th20\src\core\grpfont.cpp:615 u_char"
"0x004177a4","0x0056c840","0x00416d20","DATA","Yu Mincho"
"0x004177d6","0x0056c840","0x00416d20","DATA","Yu Mincho"
"0x00417823","0x0056c840","0x00416d20","DATA","Yu Mincho"
"0x00417870","0x0056c840","0x00416d20","DATA","Yu Mincho"
"0x004178bd","0x0056c840","0x00416d20","DATA","Yu Mincho"
"0x0041790a","0x0056c840","0x00416d20","DATA","Yu Mincho"
"0x00417957","0x0056c840","0x00416d20","DATA","Yu Mincho"
"0x004179a4","0x0056c840","0x00416d20","DATA","Yu Mincho"
"0x004158ae","0x0056c860","0x00415830","DATA","D:\cygwin\home\zun\prog\th20\src\core\grpfont.cpp:920 AflDIB"
"0x0041320b","0x0056c8bc","0x004131e0","DATA","list too long"
"0x004a193b","0x0056c8bc","0x004a1910","DATA","list too long"
"0x0046830b","0x0056c8bc","0x004682e0","DATA","list too long"
"0x0041c308","0x0056c908","0x0041c2e0","DATA","create_directory"
"0x0041be93","0x0056c930","0x0041be90","DATA","invalid string position"
"0x0041aab1","0x0056c9a8","0x0041aa70","DATA","th20.cfg"
"0x0041e8e5","0x0056c9a8","0x0041e7d0","DATA","th20.cfg"
"0x004dd951","0x0056c9a8","0x004dd910","DATA","th20.cfg"
"0x004dd993","0x0056c9a8","0x004dd910","DATA","th20.cfg"
"0x0041e975","0x0056c9b4","0x0041e7d0","DATA","D:\cygwin\home\zun\prog\th20\src\core\main.cpp:172 FuncCtrlInf"
"0x0041e98a","0x0056c9f4","0x0041e7d0","DATA","D:\cygwin\home\zun\prog\th20\src\core\main.cpp:173 SprtCtrlInf"
"0x0041ed48","0x0056ca34","0x0041e7d0","DATA","%d, %d
"
"0x0041f11f","0x0056ca74","0x0041e7d0","DATA","log.txt"
"0x0041b5c5","0x0056ca7c","0x0041b4f0","DATA","APPDATA"
"0x0041b625","0x0056ca8c","0x0041b4f0","DATA","ShanghaiAlice"
"0x0041b6db","0x0056caa4","0x0041b4f0","DATA","replay"
"0x0051f578","0x0056caa4","0x0051f490","DATA","replay"
"0x005098a3","0x0056caa4","0x00509280","DATA","replay"
"0x00508bed","0x0056caa4","0x00508b90","DATA","replay"
"0x0041b70a","0x0056caac","0x0041b4f0","DATA","snapshot"
"0x0041981e","0x0056caac","0x00419760","DATA","snapshot"
"0x00419898","0x0056caac","0x00419760","DATA","snapshot"
"0x0041986f","0x0056cabc","0x00419760","DATA","th20_%.3d.png"
"0x0041cd15","0x0056cb50","0x0041ccf0","DATA","TH20 - Fossilized Wonder. ver 1.00c"
"0x0041cd1f","0x0056cb50","0x0041ccf0","DATA","TH20 - Fossilized Wonder. ver 1.00c"
"0x0041cd68","0x0056cb98","0x0041ccf0","DATA","BASE"
"0x0041cec8","0x0056cb98","0x0041ccf0","DATA","BASE"
"0x0041cf78","0x0056cb98","0x0041ccf0","DATA","BASE"
"0x0041cfec","0x0056cb98","0x0041ccf0","DATA","BASE"
"0x0041c033","0x0056cd0c","0x0041c020","DATA","th20 App"
"0x0041b1b4","0x0056cd38","0x0041ae70","DATA","Invalid window handle.
"
"0x005ae2d8","0x0056ce04","","DATA","L_THUMB"
"0x005ae2dc","0x0056ce0c","","DATA","R_THUMB"
"0x005ae2e0","0x0056ce14","","DATA","START"
"0x005ae2ec","0x0056ce28","","DATA","MouseL"
"0x005ae2f0","0x0056ce30","","DATA","MouseR"
"0x005ae2f8","0x0056ce3c","","DATA","MouseM"
"0x005ae2fc","0x0056ce44","","DATA","MouseX1"
"0x005ae300","0x0056ce4c","","DATA","MouseX2"
"0x005ae308","0x0056ce58","","DATA","BackSpace"
"0x005ae318","0x0056ce70","","DATA","Clear"
"0x005ae31c","0x0056ce78","","DATA","Enter"
"0x005ae328","0x0056ce88","","DATA","Shift"
"0x004e60a7","0x0056ce9c","0x004e60a0","DATA","Pause"
"0x005ae334","0x0056ce9c","","DATA","Pause"
"0x005afe34","0x0056ce9c","","DATA","Pause"
"0x005afe1c","0x0056ce9c","","DATA","Pause"
"0x005ae358","0x0056cecc","","DATA","Convt"
"0x005ae35c","0x0056ced4","","DATA","NonConv"
"0x005ae368","0x0056cee4","","DATA","Space"
"0x005ae36c","0x0056ceec","","DATA","PageUp"
"0x005ae370","0x0056cef4","","DATA","PageDown"
"0x005ae384","0x0056cf18","","DATA","Right"
"0x005afe44","0x0056cf18","","DATA","Right"
"0x005ae38c","0x0056cf28","","DATA","Select"
"0x005ae390","0x0056cf30","","DATA","Print"
"0x005ae394","0x0056cf38","","DATA","Execute"
"0x005ae398","0x0056cf40","","DATA","SnapShot"
"0x005ae39c","0x0056cf4c","","DATA","Insert"
"0x005ae464","0x0056d010","","DATA","Sleep"
"0x005ae498","0x0056d078","","DATA","Separator"
"0x005ae528","0x0056d13c","","DATA","NumLock"
"0x005ae52c","0x0056d144","","DATA","Scroll"
"0x005ae5d8","0x0056d29c","","DATA","COMMA"
"0x005ae5dc","0x0056d2a4","","DATA","MINUS"
"0x005ae5e0","0x0056d2ac","","DATA","PERIOD"
"0x005ae670","0x0056d3cc","","DATA","OEM102"
"0x0041f97e","0x0056d4dc","0x0041f8a0","DATA","initialize InputInf
"
"0x00421266","0x0056d514","0x00421180","DATA","\\.\root\cimv2"
"0x0042128a","0x0056d534","0x00421180","DATA","Win32_PNPEntity"
"0x004212ae","0x0056d554","0x00421180","DATA","DeviceID"
"0x00421483","0x0056d570","0x00421180","DATA","VID_"
"0x004214a7","0x0056d57c","0x00421180","DATA","VID_%4X"
"0x004214c7","0x0056d58c","0x00421180","DATA","PID_"
"0x004214eb","0x0056d598","0x00421180","DATA","PID_%4X"
"0x00420999","0x0056d674","0x00420990","DATA","start InputInf
"
"0x0041fd9f","0x0056d684","0x0041fd70","DATA","shutdown InputInf
"
"0x00422b04","0x0056d698","0x00422b00","DATA","D:\cygwin\home\zun\prog\th20\src\core\pad.cpp:771 InputInf"
"0x00420e22","0x0056d6d4","0x00420d80","DATA","Pad Num : %d
"
"0x0042034b","0x0056d6e4","0x004202c0","DATA","DirectInput Release
"
"0x004203d2","0x0056d6fc","0x004202c0","DATA","DirectInput(Pad) Release
"
"0x0042044a","0x0056d718","0x004202c0","DATA","DirectInput Device Release
"
"0x00421911","0x0056d734","0x00421890","DATA","Button %d"
"0x0042344c","0x0056d750","0x004233b0","DATA","initialize ScreenInf
"
"0x004250f4","0x0056d768","0x004250f0","DATA","D:\cygwin\home\zun\prog\th20\src\core\screen.cpp:580 ScreenInf"
"0x004234cf","0x0056d7a8","0x004234a0","DATA","shutdown ScreenInf
"
"0x005aedf0","0x0056d7e0","","DATA","se_plst00.wav"
"0x005aedf4","0x0056d7f0","","DATA","se_enep00.wav"
"0x005aedf8","0x0056d800","","DATA","se_pldead00.wav"
"0x005aedfc","0x0056d810","","DATA","se_power0.wav"
"0x005aee00","0x0056d820","","DATA","se_power1.wav"
"0x005aee04","0x0056d830","","DATA","se_tan00.wav"
"0x005aee08","0x0056d840","","DATA","se_tan01.wav"
"0x005aee0c","0x0056d850","","DATA","se_tan02.wav"
"0x005aee10","0x0056d860","","DATA","se_ok00.wav"
"0x005aee14","0x0056d86c","","DATA","se_cancel00.wav"
"0x005aee18","0x0056d87c","","DATA","se_select00.wav"
"0x005aee1c","0x0056d88c","","DATA","se_gun00.wav"
"0x005aee20","0x0056d89c","","DATA","se_cat00.wav"
"0x005aee24","0x0056d8ac","","DATA","se_lazer00.wav"
"0x005aee28","0x0056d8bc","","DATA","se_lazer01.wav"
"0x005aee2c","0x0056d8cc","","DATA","se_enep01.wav"
"0x005aee30","0x0056d8dc","","DATA","se_damage00.wav"
"0x005aee34","0x0056d8ec","","DATA","se_item00.wav"
"0x005aee38","0x0056d8fc","","DATA","se_kira00.wav"
"0x005aee3c","0x0056d90c","","DATA","se_kira01.wav"
"0x005aee40","0x0056d91c","","DATA","se_kira02.wav"
"0x005aee44","0x0056d92c","","DATA","se_timeout.wav"
"0x005aee48","0x0056d93c","","DATA","se_graze.wav"
"0x005aee4c","0x0056d94c","","DATA","se_powerup.wav"
"0x005aee50","0x0056d95c","","DATA","se_pause.wav"
"0x005aee54","0x0056d96c","","DATA","se_cardget.wav"
"0x005aee74","0x0056d96c","","DATA","se_cardget.wav"
"0x005aee58","0x0056d97c","","DATA","se_damage01.wav"
"0x005aee5c","0x0056d98c","","DATA","se_timeout2.wav"
"0x005aee60","0x0056d99c","","DATA","se_invalid.wav"
"0x005aee64","0x0056d9ac","","DATA","se_slash.wav"
"0x005aee68","0x0056d9bc","","DATA","se_ch00.wav"
"0x005aee6c","0x0056d9c8","","DATA","se_ch01.wav"
"0x005aee70","0x0056d9d4","","DATA","se_extend.wav"
"0x005aee78","0x0056d9e4","","DATA","se_nep00.wav"
"0x005aee7c","0x0056d9f4","","DATA","se_bonus.wav"
"0x005aee80","0x0056da04","","DATA","se_bonus2.wav"
"0x005aee84","0x0056da14","","DATA","se_enep02.wav"
"0x005aee88","0x0056da24","","DATA","se_lazer02.wav"
"0x005aee8c","0x0056da34","","DATA","se_nodamage.wav"
"0x005aee90","0x0056da44","","DATA","se_boon00.wav"
"0x005aee94","0x0056da54","","DATA","se_don00.wav"
"0x005aee98","0x0056da64","","DATA","se_boon01.wav"
"0x005aee9c","0x0056da74","","DATA","se_ch02.wav"
"0x005aeea0","0x0056da80","","DATA","se_ch03.wav"
"0x005aeea4","0x0056da8c","","DATA","se_extend2.wav"
"0x005aeea8","0x0056da9c","","DATA","se_pin00.wav"
"0x005aeeac","0x0056daac","","DATA","se_pin01.wav"
"0x005aeeb0","0x0056dabc","","DATA","se_lgods1.wav"
"0x005aeeb4","0x0056dacc","","DATA","se_lgods2.wav"
"0x005aeeb8","0x0056dadc","","DATA","se_lgods3.wav"
"0x005aeebc","0x0056daec","","DATA","se_lgods4.wav"
"0x005aeec0","0x0056dafc","","DATA","se_lgodsget.wav"
"0x005aeec4","0x0056db0c","","DATA","se_msl.wav"
"0x005aeec8","0x0056db18","","DATA","se_msl2.wav"
"0x005aeecc","0x0056db24","","DATA","se_pldead01.wav"
"0x005aeed0","0x0056db34","","DATA","se_heal.wav"
"0x005aeed4","0x0056db40","","DATA","se_msl3.wav"
"0x005aeed8","0x0056db4c","","DATA","se_fault.wav"
"0x005aeedc","0x0056db5c","","DATA","se_noise.wav"
"0x005aeee0","0x0056db6c","","DATA","se_etbreak.wav"
"0x005aeee4","0x0056db7c","","DATA","se_tan03.wav"
"0x005aeee8","0x0056db8c","","DATA","se_wolf.wav"
"0x005aeeec","0x0056db98","","DATA","se_bonus4.wav"
"0x005aeef0","0x0056dba8","","DATA","se_big.wav"
"0x005aeef4","0x0056dbb4","","DATA","se_item01.wav"
"0x005aeef8","0x0056dbc4","","DATA","se_release.wav"
"0x005aeefc","0x0056dbd4","","DATA","se_changeitem.wav"
"0x005aef00","0x0056dbe8","","DATA","se_trophy.wav"
"0x005aef04","0x0056dbf8","","DATA","se_warpl.wav"
"0x005aef08","0x0056dc08","","DATA","se_warpr.wav"
"0x005aef0c","0x0056dc18","","DATA","se_notice.wav"
"0x00428c83","0x0056dc28","0x00428c80","DATA","invalid array<T, N> subscript"
"0x00426439","0x0056dc48","0x004263e0","DATA","D:\cygwin\home\zun\prog\th20\src\core\sound.cpp:255 CSoundManager"
"0x00427321","0x0056dd3c","0x00427050","DATA","Create Sound Buffer %s
"
"0x004286f5","0x0056dd54","0x004286b0","DATA","Streming BGM Start
"
"0x00426c31","0x0056ddb4","0x00426be0","DATA","Streming BGM Reopen %d
"
"0x004274f4","0x0056ddd0","0x00427360","DATA","Streming BGM PreLoad %d
"
"0x00427579","0x0056ddec","0x00427360","DATA","error : bgmfile is not find %s
"
"0x0042763c","0x0056ddec","0x00427360","DATA","error : bgmfile is not find %s
"
"0x004275eb","0x0056de10","0x00427360","DATA","D:\cygwin\home\zun\prog\th20\src\core\sound.cpp:653 char"
"0x0042698f","0x0056de4c","0x00426890","DATA","Streming BGM Load no %d
"
"0x00426baf","0x0056de68","0x00426890","DATA","load comp
"
"0x004289a9","0x0056de74","0x00428990","DATA","Streming BGM stop
"
"0x004289ed","0x0056de88","0x00428990","DATA","stop m_dwNotifyThreadID
"
"0x00428a26","0x0056dea4","0x00428990","DATA","stop comp
"
"0x004278fc","0x0056deb0","0x004277f0","DATA","Sound : PreLoad Stage
"
"0x0042793e","0x0056deb0","0x004277f0","DATA","Sound : PreLoad Stage
"
"0x004279b9","0x0056dec8","0x004277f0","DATA","Sound : Load Stage
"
"0x004279ec","0x0056dee0","0x004277f0","DATA","Sound : Reset Stage
"
"0x00427a45","0x0056def8","0x004277f0","DATA","Sound : Fill Buffer Stage
"
"0x00427c73","0x0056def8","0x004277f0","DATA","Sound : Fill Buffer Stage
"
"0x00427ad4","0x0056df14","0x004277f0","DATA","Sound : Play Stage
"
"0x00427d45","0x0056df14","0x004277f0","DATA","Sound : Play Stage
"
"0x00427dc1","0x0056df2c","0x004277f0","DATA","Sound : Stop Stage
"
"0x00427f52","0x0056df2c","0x004277f0","DATA","Sound : Stop Stage
"
"0x00427b2b","0x0056df2c","0x004277f0","DATA","Sound : Stop Stage
"
"0x00427be5","0x0056df44","0x004277f0","DATA","Sound : Recreate Stage
"
"0x00427c26","0x0056df60","0x004277f0","DATA","Sound : ReOpen Stage
"
"0x00427df9","0x0056df78","0x004277f0","DATA","Sound : Thread Stop Stage
"
"0x00427e4c","0x0056df94","0x004277f0","DATA","Sound : Thread Stop Wait Stage
"
"0x00427e95","0x0056dfb8","0x004277f0","DATA","Sound : Handle Close Stage
"
"0x00427fb7","0x0056dfd8","0x004277f0","DATA","Sound : Fade Out Stage %d
"
"0x0042800c","0x0056dff4","0x004277f0","DATA","locked
"
"0x00428da0","0x0056e034","0x00428c90","DATA","Sound Que Add %d
"
"0x0044c116","0x0056e250","0x0044c0b0","DATA","error D3DXCreateTexture
"
"0x0044c1a4","0x0056e250","0x0044c150","DATA","error D3DXCreateTexture
"
"0x0044a994","0x0056e270","0x0044a700","DATA","D:\cygwin\home\zun\prog\th20\src\core\sprtlib.cpp:905 SprtGroupTexInf"
"0x0044a9b4","0x0056e2b8","0x0044a700","DATA","D:\cygwin\home\zun\prog\th20\src\core\sprtlib.cpp:906 SprtDataInf"
"0x0044a9d4","0x0056e2fc","0x0044a700","DATA","D:\cygwin\home\zun\prog\th20\src\core\sprtlib.cpp:907 int*"
"0x0044aaa8","0x0056e338","0x0044a700","DATA","D:\cygwin\home\zun\prog\th20\src\core\sprtlib.cpp:929 SprtInf"
"0x0044ed6f","0x0056e378","0x0044ed40","DATA","::preloadAnim : %s
"
"0x0044edb7","0x0056e3b0","0x0044ed40","DATA","D:\cygwin\home\zun\prog\th20\src\core\sprtlib.cpp:950 SprtGroupInf"
"0x0044eb4d","0x0056e3f4","0x0044eb30","DATA","::preloadAnim already : %s
"
"0x0044ebd0","0x0056e410","0x0044eb30","DATA","::preloadAnimEnd : %s
"
"0x0044e15f","0x0056e4cc","0x0044e150","DATA","::postloadAnim : %d
"
"0x0044e1e2","0x0056e4e4","0x0044e150","DATA","Error ::postload: %s
"
"0x0044caa3","0x0056e5bc","0x0044c9b0","DATA","D:\cygwin\home\zun\prog\th20\src\core\sprtlib.cpp:2888 SprtInf"
"0x004526a5","0x0056e6a8","0x004524f0","DATA","0123456789abcdefghijklmnopqrstuvwxyz---------------------------------------------------------- 
"
"0x00452677","0x0056e6a8","0x004524f0","DATA","0123456789abcdefghijklmnopqrstuvwxyz---------------------------------------------------------- 
"
"0x004526fe","0x0056e6a8","0x004524f0","DATA","0123456789abcdefghijklmnopqrstuvwxyz---------------------------------------------------------- 
"
"0x00452a89","0x0056e6a8","0x004527d0","DATA","0123456789abcdefghijklmnopqrstuvwxyz---------------------------------------------------------- 
"
"0x00452a3e","0x0056e6a8","0x004527d0","DATA","0123456789abcdefghijklmnopqrstuvwxyz---------------------------------------------------------- 
"
"0x00452b22","0x0056e6a8","0x004527d0","DATA","0123456789abcdefghijklmnopqrstuvwxyz---------------------------------------------------------- 
"
"0x00469268","0x0056e6a8","0x004690f0","DATA","0123456789abcdefghijklmnopqrstuvwxyz---------------------------------------------------------- 
"
"0x0046923a","0x0056e6a8","0x004690f0","DATA","0123456789abcdefghijklmnopqrstuvwxyz---------------------------------------------------------- 
"
"0x004692c1","0x0056e6a8","0x004690f0","DATA","0123456789abcdefghijklmnopqrstuvwxyz---------------------------------------------------------- 
"
"0x004e91be","0x0056e6a8","0x004e9080","DATA","0123456789abcdefghijklmnopqrstuvwxyz---------------------------------------------------------- 
"
"0x004e93ff","0x0056e6a8","0x004e92a0","DATA","0123456789abcdefghijklmnopqrstuvwxyz---------------------------------------------------------- 
"
"0x004ecdfb","0x0056e6a8","0x004ecc70","DATA","0123456789abcdefghijklmnopqrstuvwxyz---------------------------------------------------------- 
"
"0x004ecdca","0x0056e6a8","0x004ecc70","DATA","0123456789abcdefghijklmnopqrstuvwxyz---------------------------------------------------------- 
"
"0x004ece58","0x0056e6a8","0x004ecc70","DATA","0123456789abcdefghijklmnopqrstuvwxyz---------------------------------------------------------- 
"
"0x00468e90","0x0056e6a8","0x00468ca0","DATA","0123456789abcdefghijklmnopqrstuvwxyz---------------------------------------------------------- 
"
"0x004e8fa3","0x0056e6a8","0x004e8d20","DATA","0123456789abcdefghijklmnopqrstuvwxyz---------------------------------------------------------- 
"
"0x004ed193","0x0056e6a8","0x004ecf30","DATA","0123456789abcdefghijklmnopqrstuvwxyz---------------------------------------------------------- 
"
"0x004ed148","0x0056e6a8","0x004ecf30","DATA","0123456789abcdefghijklmnopqrstuvwxyz---------------------------------------------------------- 
"
"0x004ed22c","0x0056e6a8","0x004ecf30","DATA","0123456789abcdefghijklmnopqrstuvwxyz---------------------------------------------------------- 
"
"0x00459aac","0x0056e750","0x00459a70","DATA","D:\cygwin\home\zun\prog\th20\src\core\zwave.cpp:119 CWaveFile"
"0x00459bf1","0x0056e790","0x00459a70","DATA","D:\cygwin\home\zun\prog\th20\src\core\zwave.cpp:154 DSBPOSITIONNOTIFY"
"0x00459cff","0x0056e7d8","0x00459a70","DATA","D:\cygwin\home\zun\prog\th20\src\core\zwave.cpp:173 CStreamingSound"
"0x00459d85","0x0056e81c","0x00459d70","DATA","StreamingSound Create 
"
"0x00459db9","0x0056e838","0x00459d70","DATA","D:\cygwin\home\zun\prog\th20\src\core\zwave.cpp:209 CWaveFile"
"0x00459ece","0x0056e878","0x00459d70","DATA","D:\cygwin\home\zun\prog\th20\src\core\zwave.cpp:237 DSBPOSITIONNOTIFY"
"0x00459fdc","0x0056e8c0","0x00459d70","DATA","D:\cygwin\home\zun\prog\th20\src\core\zwave.cpp:256 CStreamingSound"
"0x0045a02e","0x0056e904","0x00459d70","DATA","Success 
"
"0x00459547","0x0056e910","0x00459530","DATA","D:\cygwin\home\zun\prog\th20\src\core\zwave.cpp:278 LPDIRECTSOUNDBUFFER"
"0x0045b20a","0x0056e958","0x0045b150","DATA","D:\cygwin\home\zun\prog\th20\src\core\zwave.cpp:322 LPDIRECTSOUNDBUFFER"
"0x0045b2f0","0x0056e9a0","0x0045b150","DATA","D:\cygwin\home\zun\prog\th20\src\core\zwave.cpp:336 DSBPOSITIONNOTIFY"
"0x0045a67e","0x0056e9e8","0x0045a580","DATA","Stream Skip
"
"0x0045a6be","0x0056e9f8","0x0045a580","DATA","error : RestoreBuffer in HandleWaveStreamNotification
"
"0x0045a6fd","0x0056ea30","0x0045a580","DATA","error : FillBufferWithSound in HandleWaveStreamNotification
"
"0x0045a772","0x0056ea70","0x0045a580","DATA","error : Buffer->Lock in HandleWaveStreamNotification
"
"0x0045a7da","0x0056eaa8","0x0045a580","DATA","error : m_pWaveFile->Read in HandleWaveStreamNotification
"
"0x0045a8da","0x0056eae8","0x0045a580","DATA","error : m_pWaveFile->ResetFile in HandleWaveStreamNotification
"
"0x0045a918","0x0056eb2c","0x0045a580","DATA","error : m_pWaveFile->Read(+) in HandleWaveStreamNotification
"
"0x0045a9c8","0x0056eb70","0x0045a580","DATA","error : m_apDSBuffer[0]->GetCurrentPosition in HandleWaveStreamNotification
"
"0x0045ab96","0x0056ebc0","0x0045ab40","DATA","Streaming File Open %s
"
"0x0045ac12","0x0056ebdc","0x0045ab40","DATA","error!
"
"0x0045afbd","0x0056ebe4","0x0045af40","DATA","%s %d %d
"
"0x00459a40","0x0056ebf0","0x00459a30","DATA","Streaming File Close 
"
"0x0045d008","0x0056ec30","0x0045d000","DATA","D:\cygwin\home\zun\prog\th20\src\effect\effchargepoint.cpp:40 EffectChargePointInf"
"0x00487fa8","0x0056ec84","0x00487c30","DATA","effect"
"0x0048819d","0x0056ec84","0x00487c30","DATA","effect"
"0x00503f91","0x0056ec84","0x00503ee0","DATA","effect"
"0x00504071","0x0056ec84","0x00503fc0","DATA","effect"
"0x0050339e","0x0056ec84","0x005032d0","DATA","effect"
"0x004fa2ac","0x0056ec84","0x004f9c30","DATA","effect"
"0x004c433f","0x0056ec84","0x004c42c0","DATA","effect"
"0x004c43dd","0x0056ec84","0x004c42c0","DATA","effect"
"0x004f87c4","0x0056ec84","0x004f86f0","DATA","effect"
"0x0045c575","0x0056ec84","","DATA","effect"
"0x0045c5db","0x0056ec84","","DATA","effect"
"0x0045c64a","0x0056ec84","","DATA","effect"
"0x0045c6c8","0x0056ec84","","DATA","effect"
"0x0045dc78","0x0056ecc0","0x0045dc70","DATA","D:\cygwin\home\zun\prog\th20\src\effect\efffanspark.cpp:131 EffectFanSparkInf"
"0x0045e558","0x0056ed38","0x0045e550","DATA","D:\cygwin\home\zun\prog\th20\src\effect\effline.cpp:70 EffectLineEffectInf"
"0x0045e528","0x0056ed88","0x0045e520","DATA","D:\cygwin\home\zun\prog\th20\src\effect\effline.cpp:154 EffectLineEffectInf"
"0x0045ec78","0x0056edf8","0x0045ec70","DATA","D:\cygwin\home\zun\prog\th20\src\effect\efflinespark.cpp:125 EffectLineSparkInf"
"0x0045fd18","0x0056ee68","0x0045fd10","DATA","D:\cygwin\home\zun\prog\th20\src\effect\efflinespark2.cpp:135 EffectLineSpark2Inf"
"0x00460808","0x0056eed8","0x00460800","DATA","D:\cygwin\home\zun\prog\th20\src\effect\efflinestone.cpp:139 EffectLineStoneInf"
"0x00460f38","0x0056ef48","0x00460f30","DATA","D:\cygwin\home\zun\prog\th20\src\effect\efflinestone2.cpp:145 EffectLineStone2Inf"
"0x004613a8","0x0056efb8","0x004613a0","DATA","D:\cygwin\home\zun\prog\th20\src\effect\effmenuwindow.cpp:93 EffectMenuWindowInf"
"0x00463c55","0x0056f02c","0x00463310","DATA","stone"
"0x00463d0a","0x0056f02c","0x00463310","DATA","stone"
"0x00463109","0x0056f02c","0x00462c80","DATA","stone"
"0x004631a9","0x0056f02c","0x00462c80","DATA","stone"
"0x00463214","0x0056f02c","0x00462c80","DATA","stone"
"0x0051a641","0x0056f02c","0x0051a0b0","DATA","stone"
"0x0051a585","0x0056f02c","0x0051a0b0","DATA","stone"
"0x00517fb3","0x0056f02c","0x005167b0","DATA","stone"
"0x00517fed","0x0056f02c","0x005167b0","DATA","stone"
"0x00517ce0","0x0056f02c","0x005167b0","DATA","stone"
"0x00516dc0","0x0056f02c","0x005167b0","DATA","stone"
"0x00516e16","0x0056f02c","0x005167b0","DATA","stone"
"0x00516e50","0x0056f02c","0x005167b0","DATA","stone"
"0x00517248","0x0056f02c","0x005167b0","DATA","stone"
"0x00516908","0x0056f02c","0x005167b0","DATA","stone"
"0x0051695e","0x0056f02c","0x005167b0","DATA","stone"
"0x004f94d3","0x0056f02c","0x004f9470","DATA","stone"
"0x00463288","0x0056f038","0x00463280","DATA","D:\cygwin\home\zun\prog\th20\src\effect\effpyramid.cpp:379 EffectPyramidInf"
"0x00465968","0x0056f0b0","0x00465960","DATA","D:\cygwin\home\zun\prog\th20\src\effect\effscreenswitch.cpp:37 EffectScreenSwitchInf"
"0x00466278","0x0056f138","0x00466270","DATA","D:\cygwin\home\zun\prog\th20\src\effect\effshortline.cpp:60 EffectShortLineEffectInf"
"0x00466868","0x0056f1b0","0x00466860","DATA","D:\cygwin\home\zun\prog\th20\src\effect\effshortline2.cpp:60 EffectShortLineEffect2Inf"
"0x00466f88","0x0056f228","0x00466f80","DATA","D:\cygwin\home\zun\prog\th20\src\effect\effshortline3.cpp:83 EffectShortLineEffect3Inf"
"0x00467c28","0x0056f2a0","0x00467c20","DATA","D:\cygwin\home\zun\prog\th20\src\effect\effstonegaugeline.cpp:130 EffectStoneGaugeLineInf"
"0x004e7d35","0x0056f580","0x004e7c40","DATA","nan(ind)"
"0x004e7f7b","0x0056f580","0x004e7e40","DATA","nan(ind)"
"0x004e81db","0x0056f580","0x004e80a0","DATA","nan(ind)"
"0x004e8485","0x0056f580","0x004e8390","DATA","nan(ind)"
"0x00468565","0x0056f580","0x00468470","DATA","nan(ind)"
"0x004e868b","0x0056f580","0x004e8550","DATA","nan(ind)"
"0x0059a3b8","0x0056f580","","DATA","nan(ind)"
"0x004e7d5f","0x0056f590","0x004e7c40","DATA","nan(snan)"
"0x004e7fb8","0x0056f590","0x004e7e40","DATA","nan(snan)"
"0x004e8218","0x0056f590","0x004e80a0","DATA","nan(snan)"
"0x004e84af","0x0056f590","0x004e8390","DATA","nan(snan)"
"0x0046858f","0x0056f590","0x00468470","DATA","nan(snan)"
"0x004e86c8","0x0056f590","0x004e8550","DATA","nan(snan)"
"0x0059a3a8","0x0056f590","","DATA","nan(snan)"
"0x0046ef73","0x0056f59c","0x0046ef70","DATA","invalid string_view position"
"0x0046ab1b","0x0056f5cc","0x0046a8e0","DATA","initialize AsciiInf
"
"0x0046c09a","0x0056f5e4","0x0046c080","DATA","ascii.anm"
"0x0046c0c7","0x0056f5e4","0x0046c080","DATA","ascii.anm"
"0x0046c0b4","0x0056f5f0","0x0046c080","DATA","ascii_960.anm"
"0x0046c0c7","0x0056f5f0","0x0046c080","DATA","ascii_960.anm"
"0x0046c0bd","0x0056f600","0x0046c080","DATA","ascii1280.anm"
"0x0046c0c7","0x0056f600","0x0046c080","DATA","ascii1280.anm"
"0x0046af24","0x0056f628","0x0046aef0","DATA","shutdown AsciiInf
"
"0x00471064","0x0056f63c","0x00471060","DATA","D:\cygwin\home\zun\prog\th20\src\game\ascii.cpp:111 AsciiInf"
"0x0046c43d","0x0056f6d0","0x0046c210","DATA","D:\cygwin\home\zun\prog\th20\src\game\ascii.cpp:1118 JapaneseStrInf"
"0x0046c5a2","0x0056f718","0x0046c210","DATA","D:\cygwin\home\zun\prog\th20\src\game\ascii.cpp:1139 JapaneseStrInf"
"0x00471594","0x0056f818","0x00471480","DATA","initialize BackGroundInf
"
"0x004719b1","0x0056f86c","0x00471980","DATA","shutdown BackGroundInf
"
"0x00477884","0x0056f888","0x00477880","DATA","D:\cygwin\home\zun\prog\th20\src\game\background.cpp:136 BackGroundInf"
"0x00474ec3","0x0056f8d0","0x00474e70","DATA","D:\cygwin\home\zun\prog\th20\src\game\background.cpp:601 StageFileHeaderInf"
"0x0047503e","0x0056f954","0x00474e70","DATA","D:\cygwin\home\zun\prog\th20\src\game\background.cpp"
"0x00475fb2","0x0056f990","0x004751b0","DATA","D:\cygwin\home\zun\prog\th20\src\game\background.cpp:1029 RenderMeshInf"
"0x00475fdb","0x0056f9d8","0x004751b0","DATA","D:\cygwin\home\zun\prog\th20\src\game\background.cpp:1031 RenderMeshInf"
"0x00477a38","0x0056faa0","0x004779b0","DATA","initialize BombInf 
"
"0x00477b0f","0x0056fab8","0x00477ae0","DATA","shutdown BombInf 
"
"0x00478306","0x0056facc","0x00478300","DATA","D:\cygwin\home\zun\prog\th20\src\game\bomb.cpp:87 BombInf"
"0x00479123","0x0056fb30","0x00479120","DATA","D:\cygwin\home\zun\prog\th20\src\game\bomb_marisaa.cpp:172 BombMarisaAInf"
"0x0047a613","0x0056fbb0","0x0047a610","DATA","D:\cygwin\home\zun\prog\th20\src\game\bomb_reimua.cpp:295 BombReimuAInf"
"0x0047ba03","0x0056fc68","0x0047b8a0","DATA","initialize BulletInf
"
"0x004d3ca9","0x0056fc80","0x004d3ca0","DATA","bullet.anm"
"0x0049da79","0x0056fc80","0x0049da70","DATA","bullet.anm"
"0x00480fc6","0x0056fc80","0x00480fa0","DATA","bullet.anm"
"0x0047c3de","0x0056fcc0","0x0047c340","DATA","shutdown BulletInf
"
"0x00486634","0x0056fcd4","0x00486630","DATA","D:\cygwin\home\zun\prog\th20\src\game\bullet.cpp:666 BulletInf"
"0x004cb30c","0x0056fd14","0x004cb060","DATA","bullet"
"0x004cb399","0x0056fd14","0x004cb060","DATA","bullet"
"0x004cb414","0x0056fd14","0x004cb060","DATA","bullet"
"0x004cf372","0x0056fd14","0x004cf080","DATA","bullet"
"0x004cf3ff","0x0056fd14","0x004cf080","DATA","bullet"
"0x004cf47a","0x0056fd14","0x004cf080","DATA","bullet"
"0x004caa12","0x0056fd14","0x004ca830","DATA","bullet"
"0x004ceaf1","0x0056fd14","0x004ce8e0","DATA","bullet"
"0x004caeaa","0x0056fd14","0x004cabf0","DATA","bullet"
"0x004caf37","0x0056fd14","0x004cabf0","DATA","bullet"
"0x004cafb2","0x0056fd14","0x004cabf0","DATA","bullet"
"0x004ceed5","0x0056fd14","0x004cebb0","DATA","bullet"
"0x004cef62","0x0056fd14","0x004cebb0","DATA","bullet"
"0x004cefdd","0x0056fd14","0x004cebb0","DATA","bullet"
"0x004ca665","0x0056fd14","0x004ca380","DATA","bullet"
"0x004ca6e3","0x0056fd14","0x004ca380","DATA","bullet"
"0x004ca75e","0x0056fd14","0x004ca380","DATA","bullet"
"0x004c998a","0x0056fd14","0x004c9830","DATA","bullet"
"0x004c99f9","0x0056fd14","0x004c9830","DATA","bullet"
"0x004c9a59","0x0056fd14","0x004c9830","DATA","bullet"
"0x004cdd19","0x0056fd14","0x004cda40","DATA","bullet"
"0x004cdda6","0x0056fd14","0x004cda40","DATA","bullet"
"0x004cde21","0x0056fd14","0x004cda40","DATA","bullet"
"0x004c9d03","0x0056fd14","0x004c9ab0","DATA","bullet"
"0x004ca1d2","0x0056fd14","0x004c9f10","DATA","bullet"
"0x004ca25f","0x0056fd14","0x004c9f10","DATA","bullet"
"0x004ca2da","0x0056fd14","0x004c9f10","DATA","bullet"
"0x004cd4d6","0x0056fd14","0x004cd2d0","DATA","bullet"
"0x004c944e","0x0056fd14","0x004c9380","DATA","bullet"
"0x004c970a","0x0056fd14","0x004c9580","DATA","bullet"
"0x004c9779","0x0056fd14","0x004c9580","DATA","bullet"
"0x004c97d9","0x0056fd14","0x004c9580","DATA","bullet"
"0x004cd88c","0x0056fd14","0x004cd580","DATA","bullet"
"0x004cd919","0x0056fd14","0x004cd580","DATA","bullet"
"0x004cd994","0x0056fd14","0x004cd580","DATA","bullet"
"0x0047c9af","0x0056fd14","0x0047c8f0","DATA","bullet"
"0x004ccc63","0x0056fd14","0x004cc950","DATA","bullet"
"0x004cccf0","0x0056fd14","0x004cc950","DATA","bullet"
"0x004ccd6b","0x0056fd14","0x004cc950","DATA","bullet"
"0x004cd0f0","0x0056fd14","0x004cce10","DATA","bullet"
"0x004cd17d","0x0056fd14","0x004cce10","DATA","bullet"
"0x004cd1f8","0x0056fd14","0x004cce10","DATA","bullet"
"0x004cc89d","0x0056fd14","0x004cc690","DATA","bullet"
"0x00486ced","0x0056fd94","0x00486bb0","DATA","initialize CardInf
"
"0x00486d8a","0x0056fda8","0x00486d20","DATA","shutdown CardInf
"
"0x00488b24","0x0056fdbc","0x00488b20","DATA","D:\cygwin\home\zun\prog\th20\src\game\card.cpp:641 CardInf"
"0x0048773d","0x0056fdfc","0x00487590","DATA","MASTER"
"0x004877ca","0x0056fe04","0x00487590","DATA","%.2d/99+"
"0x00487858","0x0056fe10","0x00487590","DATA","%.2d/%.2d"
"0x00493c1f","0x0056feb4","","DATA","MBossDead"
"0x00493c77","0x0056fec0","","DATA","BossDead"
"0x00493d82","0x0056fec0","","DATA","BossDead"
"0x00493cba","0x0056fecc","","DATA","BossEscapeSpell"
"0x00493dc5","0x0056fecc","","DATA","BossEscapeSpell"
"0x00493d2a","0x0056fedc","","DATA","MBossBDead"
"0x00495ac2","0x0056fee8","","DATA","D:\cygwin\home\zun\prog\th20\src\game\ecl.cpp:2387 EnemyDataInf::BossRenderInf"
"0x00495bc5","0x0056ff38","","DATA","D:\cygwin\home\zun\prog\th20\src\game\ecl.cpp:2395 RenderMeshInf"
"0x0049cf34","0x0056ffa0","0x0049ce80","DATA","initialize EffectInf
"
"0x0049dac6","0x0056ffb8","0x0049da70","DATA","effect.anm"
"0x0049db10","0x0056ffc4","0x0049da70","DATA","screenswitch.anm"
"0x0049d332","0x0056ffd8","0x0049d2f0","DATA","shutdown EffectInf
"
"0x0049e0c4","0x0056ffec","0x0049e0c0","DATA","D:\cygwin\home\zun\prog\th20\src\game\effect.cpp:213 EffectInf"
"0x0049d01e","0x0057002c","0x0049cf80","DATA","D:\cygwin\home\zun\prog\th20\src\game\effect.cpp:430 SprtID"
"0x0049d03f","0x00570068","0x0049cf80","DATA","D:\cygwin\home\zun\prog\th20\src\game\effect.cpp:431 SprtInf*"
"0x0049d060","0x005700a8","0x0049cf80","DATA","D:\cygwin\home\zun\prog\th20\src\game\effect.cpp:432 sprtVERTEXC"
"0x0049d07f","0x005700ec","0x0049cf80","DATA","D:\cygwin\home\zun\prog\th20\src\game\effect.cpp:433 FVector"
"0x005afca0","0x0057012c","","DATA","e00a0.msg"
"0x005afca4","0x00570138","","DATA","e00a1.msg"
"0x005afca8","0x00570144","","DATA","e00a2.msg"
"0x005afcac","0x00570150","","DATA","e00a3.msg"
"0x005afcb0","0x0057015c","","DATA","e00a4.msg"
"0x005afcb4","0x00570168","","DATA","e00a5.msg"
"0x005afcb8","0x00570174","","DATA","e00a6.msg"
"0x005afcbc","0x00570180","","DATA","e00a7.msg"
"0x005afcc0","0x0057018c","","DATA","e01a0.msg"
"0x005afcc4","0x00570198","","DATA","e01a1.msg"
"0x005afcc8","0x005701a4","","DATA","e01a2.msg"
"0x005afccc","0x005701b0","","DATA","e01a3.msg"
"0x005afcd0","0x005701bc","","DATA","e01a4.msg"
"0x005afcd4","0x005701c8","","DATA","e01a5.msg"
"0x005afcd8","0x005701d4","","DATA","e01a6.msg"
"0x005afcdc","0x005701e0","","DATA","e01a7.msg"
"0x005afce0","0x005701ec","","DATA","e00b.msg"
"0x005afce4","0x005701f8","","DATA","e01b.msg"
"0x004a021f","0x00570204","0x0049f3d0","DATA","staff1.msg"
"0x005afce8","0x00570204","","DATA","staff1.msg"
"0x004a024f","0x00570210","0x0049f3d0","DATA","staff2.msg"
"0x005afcec","0x00570210","","DATA","staff2.msg"
"0x004a027c","0x0057021c","0x0049f3d0","DATA","staff3.msg"
"0x005afcf0","0x0057021c","","DATA","staff3.msg"
"0x004a02a9","0x00570228","0x0049f3d0","DATA","staff4.msg"
"0x005afcf4","0x00570228","","DATA","staff4.msg"
"0x004a01c9","0x00570234","0x0049f3d0","DATA","staff5.msg"
"0x005afcf8","0x00570234","","DATA","staff5.msg"
"0x0049eca3","0x00570250","0x0049ec30","DATA","initialize EndingInf
"
"0x004a093b","0x00570268","0x004a0600","DATA","D:\cygwin\home\zun\prog\th20\src\game\ending.cpp:128 EndingMsgInf"
"0x0049efbf","0x005702ac","0x0049ef90","DATA","shutdown EndingInf
"
"0x004a1014","0x005702c0","0x004a1010","DATA","D:\cygwin\home\zun\prog\th20\src\game\ending.cpp:170 EndingInf"
"0x004a003d","0x00570300","0x0049f3d0","DATA","bgm/th20_15"
"0x004a0069","0x0057030c","0x0049f3d0","DATA","bgm/th20_14"
"0x004a2f90","0x00570404","0x004a2e80","DATA","initialize EnemyCtrlInf
"
"0x004a8929","0x00570420","0x004a8920","DATA","D:\cygwin\home\zun\prog\th20\src\game\enemy.cpp:69 EnemyInf"
"0x004a70b2","0x00570460","0x004a7080","DATA","D:\cygwin\home\zun\prog\th20\src\game\enemy.cpp:205 EclResourceInf"
"0x004a5cb4","0x005704a4","0x004a5be0","DATA","%s is skiped
"
"0x004a755e","0x005704b4","0x004a74d0","DATA","%s is skiped.
"
"0x004a7653","0x005704c4","0x004a74d0","DATA","%s was loaded in 1P.
"
"0x004a3954","0x005704dc","0x004a3920","DATA","shutdown EnemyCtrlInf
"
"0x004aba74","0x005704f8","0x004aba70","DATA","D:\cygwin\home\zun\prog\th20\src\game\enemy.cpp:420 EnemyCtrlInf"
"0x004a9d73","0x0057053c","0x004a9d70","DATA","invalid vector subscript"
"0x004abc52","0x005705b0","0x004abb80","DATA","initialize FPSInf
"
"0x004abcbf","0x005705c4","0x004abc90","DATA","shutdown FPSInf
"
"0x004ac1a4","0x005705d8","0x004ac1a0","DATA","D:\cygwin\home\zun\prog\th20\src\game\fps.cpp:61 FPSInf"
"0x004b3ef9","0x00570638","0x004b2c90","DATA","front"
"0x004b3832","0x00570638","0x004b2c90","DATA","front"
"0x004b387c","0x00570638","0x004b2c90","DATA","front"
"0x004b38c6","0x00570638","0x004b2c90","DATA","front"
"0x004b390f","0x00570638","0x004b2c90","DATA","front"
"0x004b3959","0x00570638","0x004b2c90","DATA","front"
"0x004b39a3","0x00570638","0x004b2c90","DATA","front"
"0x004b39ed","0x00570638","0x004b2c90","DATA","front"
"0x004e26d0","0x00570638","0x004e2260","DATA","front"
"0x004e278c","0x00570638","0x004e2260","DATA","front"
"0x004b5c20","0x00570638","0x004b5bb0","DATA","front"
"0x004b5ca7","0x00570638","0x004b5bb0","DATA","front"
"0x004b5d25","0x00570638","0x004b5bb0","DATA","front"
"0x004b5f55","0x00570638","0x004b5bb0","DATA","front"
"0x004b5fa4","0x00570638","0x004b5bb0","DATA","front"
"0x004b601c","0x00570638","0x004b5bb0","DATA","front"
"0x004b60d6","0x00570638","0x004b5bb0","DATA","front"
"0x004b614c","0x00570638","0x004b5bb0","DATA","front"
"0x004b619b","0x00570638","0x004b5bb0","DATA","front"
"0x004e5ddc","0x00570638","0x004e5d60","DATA","front"
"0x004e5e0d","0x00570638","0x004e5d60","DATA","front"
"0x004e5fb9","0x00570638","0x004e5f30","DATA","front"
"0x004b906a","0x00570638","0x004b9050","DATA","front"
"0x004b9689","0x00570638","0x004b90e0","DATA","front"
"0x004b960c","0x00570638","0x004b90e0","DATA","front"
"0x004b958b","0x00570638","0x004b90e0","DATA","front"
"0x004b950b","0x00570638","0x004b90e0","DATA","front"
"0x004b9446","0x00570638","0x004b90e0","DATA","front"
"0x004b94ab","0x00570638","0x004b90e0","DATA","front"
"0x004b9136","0x00570638","0x004b90e0","DATA","front"
"0x004b93f0","0x00570638","0x004b90e0","DATA","front"
"0x00510bac","0x00570638","0x00510b60","DATA","front"
"0x004b8edc","0x00570638","0x004b8e70","DATA","front"
"0x004af2d5","0x00570640","0x004aef90","DATA","initialize FrontInf
"
"0x004b583d","0x00570658","0x004b5820","DATA","fronttr.anm"
"0x00511279","0x00570658","0x00511270","DATA","fronttr.anm"
"0x004b59fa","0x00570664","0x004b5960","DATA","%s load Skip
"
"0x004b5923","0x00570674","0x004b5920","DATA","front.anm"
"0x004afad1","0x00570680","0x004afaa0","DATA","shutdown FrontInf
"
"0x004b9094","0x00570694","0x004b9090","DATA","D:\cygwin\home\zun\prog\th20\src\game\front.cpp:402 FrontInf"
"0x004b48d7","0x005706dc","0x004b4730","DATA","%.2ds"
"0x004b49eb","0x005706dc","0x004b4730","DATA","%.2ds"
"0x004b9975","0x005706f8","0x004b9740","DATA","D:\cygwin\home\zun\prog\th20\src\game\front.cpp:1199 MsgInf"
"0x004afd1c","0x00570738","0x004afcf0","DATA","                                                                     "
"0x004afd72","0x00570738","0x004afd60","DATA","                                                                     "
"0x004afdd2","0x00570738","0x004afdc0","DATA","                                                                     "
"0x004afe32","0x00570738","0x004afe20","DATA","                                                                     "
"0x004afe92","0x00570738","0x004afe80","DATA","                                                                     "
"0x004b057c","0x00570738","0x004b0550","DATA","                                                                     "
"0x004b05ec","0x00570738","0x004b05c0","DATA","                                                                     "
"0x004b065c","0x00570738","0x004b0630","DATA","                                                                     "
"0x004b9ec6","0x00570b10","0x004b9df0","DATA","initialize GameTaskInf
"
"0x004bb902","0x00570b28","0x004bad40","DATA","st04b.std"
"0x004bb90b","0x00570b34","0x004bad40","DATA","st04d.std"
"0x004bb914","0x00570b40","0x004bad40","DATA","st04c.std"
"0x004bb91d","0x00570b4c","0x004bad40","DATA","st04a.std"
"0x004bb960","0x00570b4c","0x004bad40","DATA","st04a.std"
"0x004bba21","0x00570b4c","0x004bad40","DATA","st04a.std"
"0x004b9f22","0x00570b58","0x004b9ef0","DATA","shutdown GameTaskInf
"
"0x004ba023","0x00570b70","0x004b9ef0","DATA"," Goto Title
"
"0x004ba06b","0x00570b70","0x004b9ef0","DATA"," Goto Title
"
"0x004ba0b3","0x00570b80","0x004b9ef0","DATA"," Continue
"
"0x004bec76","0x00570b8c","0x004bec70","DATA","D:\cygwin\home\zun\prog\th20\src\game\game.cpp:594 GameInf"
"0x004b9a1b","0x00570bd0","0x004b99f0","DATA","StartSubThread
"
"0x004bef44","0x00570bf0","0x004bee70","DATA","initialize HelpInf
"
"0x004bf934","0x00570c0c","0x004bf930","DATA","help.anm"
"0x004befaf","0x00570c18","0x004bef80","DATA","shutdown HelpInf
"
"0x004bfc74","0x00570c2c","0x004bfc70","DATA","D:\cygwin\home\zun\prog\th20\src\game\help.cpp:86 HelpInf"
"0x004bf3a6","0x00570c68","0x004bf0a0","DATA","help_%.2d.png"
"0x004bff80","0x00570c94","0x004bfee0","DATA","initialize HitCtrlInf
"
"0x004c0154","0x00570cac","0x004c0120","DATA","shutdown HitCtrlInf
"
"0x004c20d4","0x00570cc4","0x004c20d0","DATA","D:\cygwin\home\zun\prog\th20\src\game\hit.cpp:73 HitCtrlInf"
"0x004c0ecf","0x00570d00","0x004c0e60","DATA","D:\cygwin\home\zun\prog\th20\src\game\hit.cpp:605 HitInf"
"0x004c240b","0x00570d4c","0x004c22e0","DATA","initialize ItemInf
"
"0x004c24ef","0x00570d60","0x004c24c0","DATA","shutdown ItemInf
"
"0x004c5014","0x00570d74","0x004c5010","DATA","D:\cygwin\home\zun\prog\th20\src\game\item.cpp:113 ItemInf"
"0x004c5d03","0x00570db8","0x004c5d00","DATA","deque<T> too long"
"0x004c565b","0x00570ddc","0x004c5530","DATA","initialize KeyConfigInf
"
"0x004c56df","0x00570df8","0x004c56b0","DATA","shutdown KeyConfigInf
"
"0x004c7cb4","0x00570e10","0x004c7cb0","DATA","D:\cygwin\home\zun\prog\th20\src\game\keyconfig.cpp:74 KeyConfigTaskInf"
"0x005afe00","0x00570e58","","DATA","Keyboard"
"0x004c78cf","0x00570e64","0x004c7770","DATA","GamePad"
"0x004c78d9","0x00570e64","0x004c7770","DATA","GamePad"
"0x005afe04","0x00570e64","","DATA","GamePad"
"0x004c77ef","0x00570e6c","0x004c7770","DATA","Controller Select"
"0x004c7897","0x00570e80","0x004c7770","DATA","<%s> Setting"
"0x004c78da","0x00570e90","0x004c7770","DATA","<%s%d> Setting"
"0x004c7993","0x00570ea0","0x004c7770","DATA","KeyConfig ALL Reset"
"0x005afe2c","0x00570f1c","","DATA","Spellcard"
"0x005afe14","0x00570f1c","","DATA","Spellcard"
"0x005afe20","0x00570f30","","DATA","Default"
"0x005afe98","0x00570f30","","DATA","Default"
"0x004c6bb0","0x00571004","0x004c6b30","DATA","Key Config"
"0x005afe94","0x00571004","","DATA","Key Config"
"0x004c6c24","0x00571010","0x004c6b30","DATA","DirectInput"
"0x004c6c6a","0x0057101c","0x004c6b30","DATA","XInput"
"0x004c6c8f","0x00571024","0x004c6b30","DATA","KeyBoard"
"0x004cfb49","0x005711d0","0x004cfb40","DATA","D:\cygwin\home\zun\prog\th20\src\game\laser.h:315 LaserLineInf"
"0x004d5ab6","0x005712a0","0x004d5a90","DATA","D:\cygwin\home\zun\prog\th20\src\game\laser.h:468 CurveEquationInf"
"0x004c8854","0x0057140c","0x004c87c0","DATA","initialize LaserInf
"
"0x004c8b9f","0x00571424","0x004c8b70","DATA","shutdown LaserInf
"
"0x004d7e44","0x00571438","0x004d7e40","DATA","D:\cygwin\home\zun\prog\th20\src\game\laser.cpp:163 LaserInf"
"0x004d484b","0x00571478","0x004d47f0","DATA","D:\cygwin\home\zun\prog\th20\src\game\laser.cpp:296 LaserLineInf"
"0x004d48ac","0x005714c0","0x004d47f0","DATA","D:\cygwin\home\zun\prog\th20\src\game\laser.cpp:306 LaserInfiniteInf"
"0x004d490d","0x00571508","0x004d47f0","DATA","D:\cygwin\home\zun\prog\th20\src\game\laser.cpp:317 LaserBeamInf"
"0x004d4968","0x00571550","0x004d47f0","DATA","D:\cygwin\home\zun\prog\th20\src\game\laser.cpp:328 LaserCurveInf"
"0x004d461c","0x00571598","0x004d4150","DATA","D:\cygwin\home\zun\prog\th20\src\game\laser.cpp:551 LaserHitDataInf"
"0x004d40f4","0x005715e0","0x004d3d70","DATA","D:\cygwin\home\zun\prog\th20\src\game\laser.cpp:1730 LaserHitDataInf"
"0x004d3570","0x00571628","0x004d3230","DATA","D:\cygwin\home\zun\prog\th20\src\game\laser.cpp:2597 sprtVERTEXC"
"0x004d35aa","0x00571670","0x004d3230","DATA","D:\cygwin\home\zun\prog\th20\src\game\laser.cpp:2599 LaserCurveVtxInf"
"0x004d3870","0x005716b8","0x004d3230","DATA","D:\cygwin\home\zun\prog\th20\src\game\laser.cpp:2638 CurveEquationInf"
"0x004d3c50","0x00571700","0x004d3230","DATA","D:\cygwin\home\zun\prog\th20\src\game\laser.cpp:2719 LaserHitDataInf"
"0x004c9b1c","0x00571748","0x004c9ab0","DATA","D:\cygwin\home\zun\prog\th20\src\game\laser.cpp:3617 u_char"
"0x004d7f89","0x005717a4","0x004d7ef0","DATA","initialize LoadingInf
"
"0x004d835f","0x005717bc","0x004d8350","DATA","LoadThread 1
"
"0x004d8374","0x005717cc","0x004d8350","DATA","sig.anm"
"0x004d83bd","0x005717d4","0x004d8350","DATA","LoadThread 2
"
"0x004d83ca","0x005717e4","0x004d8350","DATA","text.anm"
"0x004d83f4","0x005717f0","0x004d8350","DATA","LoadThread 3
"
"0x004d8433","0x005717f0","0x004d8350","DATA","LoadThread 3
"
"0x004d8440","0x00571828","0x004d8350","DATA","../../bgm/thbgm.fmt"
"0x004d8465","0x00571864","0x004d8350","DATA","LoadThread 5
"
"0x004d8491","0x00571874","0x004d8350","DATA","LoadThread 6
"
"0x004d849e","0x00571884","0x004d8350","DATA","thbgm.dat"
"0x004d84c0","0x00571884","0x004d8350","DATA","thbgm.dat"
"0x004d84d2","0x00571884","0x004d8350","DATA","thbgm.dat"
"0x004d84e6","0x00571890","0x004d8350","DATA","LoadThread 7
"
"0x004d8516","0x005718a0","0x004d8350","DATA","loading finish
"
"0x004d7fff","0x005718b0","0x004d7fd0","DATA","shutdown LoadingInf
"
"0x004d85c4","0x005718c8","0x004d85c0","DATA","D:\cygwin\home\zun\prog\th20\src\game\loading.cpp:239 LoadingInf"
"0x004d9eb3","0x00571928","0x004d9ea0","DATA","th20.dat"
"0x004d9ed0","0x00571934","0x004d9ea0","DATA","th20_%.4x%c.ver"
"0x004dd6ab","0x0057199c","0x004dd600","DATA","D:\cygwin\home\zun\prog\th20\src\game\mother.cpp:233 SprtInf"
"0x004dd6c0","0x005719dc","0x004dd600","DATA","D:\cygwin\home\zun\prog\th20\src\game\mother.cpp:234 SprtInf"
"0x004dd6d5","0x00571a1c","0x004dd600","DATA","D:\cygwin\home\zun\prog\th20\src\game\mother.cpp:235 SprtInf"
"0x004dd6ea","0x00571a5c","0x004dd600","DATA","D:\cygwin\home\zun\prog\th20\src\game\mother.cpp:236 SprtInf"
"0x004dd6ff","0x00571a9c","0x004dd600","DATA","D:\cygwin\home\zun\prog\th20\src\game\mother.cpp:237 SprtInf"
"0x004dd493","0x00571adc","0x004dd490","DATA","shutdown MotherInf
"
"0x004dd524","0x00571af0","0x004dd490","DATA","VertexBuffer delete
"
"0x004dd53c","0x00571b08","0x004dd490","DATA","Sound Stop
"
"0x004d9b67","0x00571b14","0x004d9b50","DATA","dummy"
"0x004d9b7b","0x00571b14","0x004d9b50","DATA","dummy"
"0x004d9bd5","0x00571b14","0x004d9bc0","DATA","dummy"
"0x004d9beb","0x00571b14","0x004d9bc0","DATA","dummy"
"0x004dd549","0x00571b14","0x004dd490","DATA","dummy"
"0x004de06c","0x00571b1c","0x004de040","DATA","SnapShot! %s
"
"0x004de131","0x00571b44","0x004de040","DATA","D:\cygwin\home\zun\prog\th20\src\game\mother.cpp:424 BYTE"
"0x004de1a3","0x00571b80","0x004de040","DATA","error : snapShotScreen
"
"0x004d9ce2","0x00571b98","0x004d9c40","DATA","image/png"
"0x004d982f","0x00571bb0","0x004d97f0","DATA","D:\cygwin\home\zun\prog\th20\src\game\mother.cpp:483 Gdiplus::ImageCodecInfo"
"0x004d9220","0x00571c00","0x004d9210","DATA","D:\cygwin\home\zun\prog\th20\src\game\mother.cpp:501 BITMAPINFO"
"0x004d9e37","0x00571e48","0x004d9e30","DATA","SyncCloseSubThread
"
"0x004dbd3c","0x00571e5c","0x004dbce0","DATA","RenderOffet %f, %f
"
"0x004da5c6","0x00571e70","0x004da540","DATA","scene %d -> %d
"
"0x004dc673","0x00571e84","0x004dc5f0","DATA","error SetRenderTarget
"
"0x004deb51","0x00571eb4","0x004dea60","DATA","initialize NoticeInf
"
"0x004dfb4b","0x00571ecc","0x004dfb30","DATA","notice"
"0x0040aa62","0x00571ed4","0x0040aa40","DATA","no notice"
"0x0040aa78","0x00571ed4","0x0040aa40","DATA","no notice"
"0x004df6e4","0x00571f50","0x004df6e0","DATA","notice.anm"
"0x004debaf","0x00571f94","0x004deb80","DATA","shutdown NoticeInf
"
"0x004dfb94","0x00571fa8","0x004dfb90","DATA","D:\cygwin\home\zun\prog\th20\src\game\notice.cpp:154 NoticeInf"
"0x004df26a","0x00571fe8","0x004decf0","DATA","notice_%.2d.png"
"0x004e0f47","0x00572084","0x004e0f40","DATA","SetVol"
"0x004dfce5","0x0057209c","0x004dfc50","DATA","initialize OptionInf
"
"0x004dfd4f","0x005720b4","0x004dfd20","DATA","shutdown OptionInf
"
"0x004e1084","0x005720c8","0x004e1080","DATA","D:\cygwin\home\zun\prog\th20\src\game\option.cpp:60 OptionTaskInf"
"0x005afe88","0x0057210c","","DATA","Screen"
"0x005afe8c","0x00572114","","DATA","BGM Vol"
"0x005afe90","0x0057211c","","DATA","SE Vol"
"0x004e0844","0x0057224c","0x004e07b0","DATA","Option"
"0x005750bc","0x0057224c","","DATA","Option"
"0x004e099c","0x00572254","0x004e07b0","DATA","Window"
"0x004e09b6","0x0057225c","0x004e07b0","DATA","FullScreen"
"0x004e09cf","0x00572268","0x004e07b0","DATA","BorderlessDBD"
"0x004e09e9","0x00572278","0x004e07b0","DATA","Borderless"
"0x00527c36","0x00572318","0x005277f0","DATA","ABCDEFGHIJKLMNOPQRSTUVWXYZabcdefghijklmnopqrstuvwxyz0123456789+-=.,!?@:;[]()_/{}|~^#$%&*   "
"0x00527dd7","0x00572318","0x005277f0","DATA","ABCDEFGHIJKLMNOPQRSTUVWXYZabcdefghijklmnopqrstuvwxyz0123456789+-=.,!?@:;[]()_/{}|~^#$%&*   "
"0x0052721a","0x00572318","0x00526a90","DATA","ABCDEFGHIJKLMNOPQRSTUVWXYZabcdefghijklmnopqrstuvwxyz0123456789+-=.,!?@:;[]()_/{}|~^#$%&*   "
"0x00527271","0x00572318","0x00526a90","DATA","ABCDEFGHIJKLMNOPQRSTUVWXYZabcdefghijklmnopqrstuvwxyz0123456789+-=.,!?@:;[]()_/{}|~^#$%&*   "
"0x0052729a","0x00572318","0x00526a90","DATA","ABCDEFGHIJKLMNOPQRSTUVWXYZabcdefghijklmnopqrstuvwxyz0123456789+-=.,!?@:;[]()_/{}|~^#$%&*   "
"0x0052730f","0x00572318","0x00526a90","DATA","ABCDEFGHIJKLMNOPQRSTUVWXYZabcdefghijklmnopqrstuvwxyz0123456789+-=.,!?@:;[]()_/{}|~^#$%&*   "
"0x00527338","0x00572318","0x00526a90","DATA","ABCDEFGHIJKLMNOPQRSTUVWXYZabcdefghijklmnopqrstuvwxyz0123456789+-=.,!?@:;[]()_/{}|~^#$%&*   "
"0x00526e49","0x00572318","0x00526a90","DATA","ABCDEFGHIJKLMNOPQRSTUVWXYZabcdefghijklmnopqrstuvwxyz0123456789+-=.,!?@:;[]()_/{}|~^#$%&*   "
"0x005231ac","0x00572318","0x00522e20","DATA","ABCDEFGHIJKLMNOPQRSTUVWXYZabcdefghijklmnopqrstuvwxyz0123456789+-=.,!?@:;[]()_/{}|~^#$%&*   "
"0x00523348","0x00572318","0x00522e20","DATA","ABCDEFGHIJKLMNOPQRSTUVWXYZabcdefghijklmnopqrstuvwxyz0123456789+-=.,!?@:;[]()_/{}|~^#$%&*   "
"0x004e6373","0x00572318","0x004e6250","DATA","ABCDEFGHIJKLMNOPQRSTUVWXYZabcdefghijklmnopqrstuvwxyz0123456789+-=.,!?@:;[]()_/{}|~^#$%&*   "
"0x004e3a87","0x00572318","0x004e2260","DATA","ABCDEFGHIJKLMNOPQRSTUVWXYZabcdefghijklmnopqrstuvwxyz0123456789+-=.,!?@:;[]()_/{}|~^#$%&*   "
"0x004e3adb","0x00572318","0x004e2260","DATA","ABCDEFGHIJKLMNOPQRSTUVWXYZabcdefghijklmnopqrstuvwxyz0123456789+-=.,!?@:;[]()_/{}|~^#$%&*   "
"0x004e3b01","0x00572318","0x004e2260","DATA","ABCDEFGHIJKLMNOPQRSTUVWXYZabcdefghijklmnopqrstuvwxyz0123456789+-=.,!?@:;[]()_/{}|~^#$%&*   "
"0x004e3b73","0x00572318","0x004e2260","DATA","ABCDEFGHIJKLMNOPQRSTUVWXYZabcdefghijklmnopqrstuvwxyz0123456789+-=.,!?@:;[]()_/{}|~^#$%&*   "
"0x004e3b99","0x00572318","0x004e2260","DATA","ABCDEFGHIJKLMNOPQRSTUVWXYZabcdefghijklmnopqrstuvwxyz0123456789+-=.,!?@:;[]()_/{}|~^#$%&*   "
"0x004e41fd","0x00572318","0x004e2260","DATA","ABCDEFGHIJKLMNOPQRSTUVWXYZabcdefghijklmnopqrstuvwxyz0123456789+-=.,!?@:;[]()_/{}|~^#$%&*   "
"0x00522956","0x00572318","0x005223e0","DATA","ABCDEFGHIJKLMNOPQRSTUVWXYZabcdefghijklmnopqrstuvwxyz0123456789+-=.,!?@:;[]()_/{}|~^#$%&*   "
"0x005229a1","0x00572318","0x005223e0","DATA","ABCDEFGHIJKLMNOPQRSTUVWXYZabcdefghijklmnopqrstuvwxyz0123456789+-=.,!?@:;[]()_/{}|~^#$%&*   "
"0x005229c7","0x00572318","0x005223e0","DATA","ABCDEFGHIJKLMNOPQRSTUVWXYZabcdefghijklmnopqrstuvwxyz0123456789+-=.,!?@:;[]()_/{}|~^#$%&*   "
"0x00522a21","0x00572318","0x005223e0","DATA","ABCDEFGHIJKLMNOPQRSTUVWXYZabcdefghijklmnopqrstuvwxyz0123456789+-=.,!?@:;[]()_/{}|~^#$%&*   "
"0x00522a47","0x00572318","0x005223e0","DATA","ABCDEFGHIJKLMNOPQRSTUVWXYZabcdefghijklmnopqrstuvwxyz0123456789+-=.,!?@:;[]()_/{}|~^#$%&*   "
"0x005225f5","0x00572318","0x005223e0","DATA","ABCDEFGHIJKLMNOPQRSTUVWXYZabcdefghijklmnopqrstuvwxyz0123456789+-=.,!?@:;[]()_/{}|~^#$%&*   "
"0x004e5038","0x00572318","0x004e5020","DATA","ABCDEFGHIJKLMNOPQRSTUVWXYZabcdefghijklmnopqrstuvwxyz0123456789+-=.,!?@:;[]()_/{}|~^#$%&*   "
"0x004e517a","0x00572318","0x004e5020","DATA","ABCDEFGHIJKLMNOPQRSTUVWXYZabcdefghijklmnopqrstuvwxyz0123456789+-=.,!?@:;[]()_/{}|~^#$%&*   "
"0x005aff7c","0x00572318","","DATA","ABCDEFGHIJKLMNOPQRSTUVWXYZabcdefghijklmnopqrstuvwxyz0123456789+-=.,!?@:;[]()_/{}|~^#$%&*   "
"0x005aff80","0x00572374","","DATA","Reimu "
"0x005afffc","0x0057239c","","DATA","Red    "
"0x005b0000","0x005723a4","","DATA","Red2   "
"0x005b0004","0x005723ac","","DATA","Blue   "
"0x005b0008","0x005723b4","","DATA","Blue2  "
"0x005b000c","0x005723bc","","DATA","Yellow "
"0x005b0010","0x005723c4","","DATA","Yellow2"
"0x005b0014","0x005723cc","","DATA","Green  "
"0x005b0018","0x005723d4","","DATA","Green2 "
"0x005aff90","0x005723dc","","DATA","Easy   "
"0x005aff94","0x005723e4","","DATA","Normal "
"0x005aff98","0x005723ec","","DATA","Hard   "
"0x005aff9c","0x005723f4","","DATA","Lunatic"
"0x005affa0","0x005723fc","","DATA","Extra  "
"0x005affc4","0x005723fc","","DATA","Extra  "
"0x005affa4","0x00572404","","DATA","O.D.   "
"0x005affa8","0x00572424","","DATA","test   "
"0x00529d25","0x0057242c","0x00529b40","DATA","Stage 1"
"0x00529d88","0x0057242c","0x00529b40","DATA","Stage 1"
"0x00524a2d","0x0057242c","0x005240d0","DATA","Stage 1"
"0x00524b16","0x0057242c","0x005240d0","DATA","Stage 1"
"0x00524b37","0x0057242c","0x005240d0","DATA","Stage 1"
"0x00524baf","0x0057242c","0x005240d0","DATA","Stage 1"
"0x005affac","0x0057242c","","DATA","Stage 1"
"0x005affb0","0x00572434","","DATA","Stage 2"
"0x005affb4","0x0057243c","","DATA","Stage 3"
"0x005affb8","0x00572444","","DATA","Stage 4"
"0x005affbc","0x0057244c","","DATA","Stage 5"
"0x005affc0","0x00572454","","DATA","Stage 6"
"0x005affc8","0x0057245c","","DATA","Clear  "
"0x005affcc","0x00572464","","DATA","ExClear"
"0x004e64a7","0x00572494","0x004e64a0","DATA","UnPause"
"0x0050f0ba","0x005724ac","0x0050f090","DATA","        "
"0x0050f2b8","0x005724ac","0x0050f170","DATA","        "
"0x00527be2","0x005724ac","0x005277f0","DATA","        "
"0x00526ec0","0x005724ac","0x00526a90","DATA","        "
"0x004e63c7","0x005724ac","0x004e6250","DATA","        "
"0x004e42a3","0x005724ac","0x004e2260","DATA","        "
"0x0052263f","0x005724ac","0x005223e0","DATA","        "
"0x004e55d8","0x005724ac","0x004e54c0","DATA","        "
"0x004e1e5d","0x005724b8","0x004e1ce0","DATA","initialize PauseInf
"
"0x004e1ec1","0x005724d0","0x004e1e90","DATA","shutdown PauseInf
"
"0x004e6b84","0x005724e4","0x004e6b80","DATA","D:\cygwin\home\zun\prog\th20\src\game\pause.cpp:238 PauseInf"
"0x004e543a","0x00572528","0x004e5390","DATA","No.%.2d %s %.2d/%.2d/%.2d %s %s %s"
"0x004e5494","0x0057254c","0x004e5390","DATA","No.%.2d %s %.2d/%.2d/%.2d %s Sp %3d"
"0x004e5330","0x00572570","0x004e5240","DATA","No.%.2d -------- --/--/-- ------ -- St-"
"0x004e567b","0x00572598","0x004e5620","DATA","            Score Ranking!!"
"0x004e5812","0x005725b4","0x004e5620","DATA","%2d %s %9llu%d %.2d/%.2d/%.2d %s"
"0x004e584c","0x005725d8","0x004e5620","DATA","%2d %s %9llu%d --/--/-- Stage -"
"0x004e4edc","0x005725f8","0x004e4d50","DATA","Credit %d"
"0x0052241d","0x00572628","0x005223e0","DATA","th128_08"
"0x004e5cd7","0x00572628","0x004e5bd0","DATA","th128_08"
"0x0051f4f0","0x00572634","0x0051f490","DATA","th20_%.2d.rpy"
"0x005274eb","0x00572634","0x00526a90","DATA","th20_%.2d.rpy"
"0x00526b52","0x00572634","0x00526a90","DATA","th20_%.2d.rpy"
"0x004e3d85","0x00572634","0x004e2260","DATA","th20_%.2d.rpy"
"0x004e3774","0x00572634","0x004e2260","DATA","th20_%.2d.rpy"
"0x004f5059","0x0057267c","0x004f5050","DATA","bad cast"
"0x004f4fa1","0x00572698","0x004f4ef0","DATA","bad locale name"
"0x004e9f08","0x005726a8","0x004e9c70","DATA","false"
"0x004e9c35","0x005726a8","0x004e9c20","DATA","false"
"0x004e9c3f","0x005726a8","0x004e9c20","DATA","false"
"0x004fc1e7","0x005726a8","0x004fc1e0","DATA","false"
"0x004f1c7a","0x0057295c","0x004f1c10","DATA","0e+00"
"0x004f1ec9","0x0057295c","0x004f1e70","DATA","0e+00"
"0x004f499b","0x00572bb8","0x004f46a0","DATA","initialize PlayerInf
"
"0x004f95b4","0x00572bd0","0x004f9520","DATA","pl00.sht"
"0x004f95d7","0x00572bd0","0x004f9520","DATA","pl00.sht"
"0x004f9605","0x00572bdc","0x004f9520","DATA","pl{:02}.anm"
"0x004f9625","0x00572bdc","0x004f9520","DATA","pl{:02}.anm"
"0x004f9656","0x00572bdc","0x004f9520","DATA","pl{:02}.anm"
"0x004f96ca","0x00572be8","0x004f9520","DATA","pl{:02}.sht"
"0x004f96ea","0x00572be8","0x004f9520","DATA","pl{:02}.sht"
"0x004f971b","0x00572be8","0x004f9520","DATA","pl{:02}.sht"
"0x004f534f","0x00572bf4","0x004f5320","DATA","shutdown PlayerInf
"
"0x004ffff4","0x00572c08","0x004ffff0","DATA","D:\cygwin\home\zun\prog\th20\src\game\player.cpp:313 PlayerInf"
"0x004ee1d9","0x00572cac","0x004ee130","DATA","Unmatched '}' in format string."
"0x004ee3c9","0x00572ccc","0x004ee310","DATA","Invalid format string."
"0x004ee421","0x00572ccc","0x004ee400","DATA","Invalid format string."
"0x004ee5d2","0x00572ccc","0x004ee530","DATA","Invalid format string."
"0x004edbfb","0x00572ccc","0x004edbd0","DATA","Invalid format string."
"0x004edd6c","0x00572ccc","0x004edcd0","DATA","Invalid format string."
"0x004edd88","0x00572ccc","0x004edcd0","DATA","Invalid format string."
"0x004ede4c","0x00572ccc","0x004eddb0","DATA","Invalid format string."
"0x004ede68","0x00572ccc","0x004eddb0","DATA","Invalid format string."
"0x004edf2c","0x00572ccc","0x004ede90","DATA","Invalid format string."
"0x004edf48","0x00572ccc","0x004ede90","DATA","Invalid format string."
"0x004ee500","0x00572ce4","0x004ee400","DATA","Unknown format specifier."
"0x004ee50d","0x00572d00","0x004ee400","DATA","Missing '}' in format string."
"0x004fc732","0x00572d00","0x004fc5f0","DATA","Missing '}' in format string."
"0x004fbe90","0x00572d20","0x004fbe30","DATA","Invalid encoded character in format string."
"0x004ff8a2","0x00572d4c","0x004ff890","DATA","Can not switch from manual to automatic indexing"
"0x004ee2fa","0x00572d80","0x004ee280","DATA","Number is too big"
"0x004ec40d","0x00572d94","0x004ec3e0","DATA","Argument not found."
"0x004ed932","0x00572da8","0x004ed910","DATA","Invalid type specification."
"0x004ed997","0x00572dc4","0x004ed910","DATA","Invalid presentation type specifier"
"0x004ed9e7","0x00572de8","0x004ed910","DATA","Invalid presentation type for bool"
"0x004eda10","0x00572e0c","0x004ed910","DATA","Invalid presentation type for char"
"0x004eda39","0x00572e30","0x004ed910","DATA","Invalid presentation type for integer"
"0x004eda59","0x00572e58","0x004ed910","DATA","Invalid presentation type for floating-point"
"0x004eda79","0x00572e88","0x004ed910","DATA","Invalid presentation type for string"
"0x004eda99","0x00572eb0","0x004ed910","DATA","Invalid presentation type for pointer"
"0x004edabb","0x00572ed8","0x004ed910","DATA","Hash/sign modifier requires an arithmetic presentation type"
"0x004edae3","0x00572f18","0x004ed910","DATA","Zero modifier requires an arithmetic or pointer presentation type"
"0x004edc62","0x00572f5c","0x004edbd0","DATA","invalid fill character '{'"
"0x004ee3df","0x00572f78","0x004ee310","DATA","Missing precision specifier."
"0x004e981c","0x00572fbc","0x004e9810","DATA","String pointer is null."
"0x004feddd","0x00572fd4","0x004fedb0","DATA","Can not switch from automatic to manual indexing"
"0x004f14e3","0x00573008","0x004f1480","DATA","integral cannot be stored in char"
"0x004f0a9f","0x00573008","0x004f0a40","DATA","integral cannot be stored in char"
"0x004f0fa3","0x00573008","0x004f0f40","DATA","integral cannot be stored in char"
"0x004f0080","0x00573008","0x004f0020","DATA","integral cannot be stored in char"
"0x004f059f","0x00573008","0x004f0540","DATA","integral cannot be stored in char"
"0x004fc566","0x0057302c","0x004fc550","DATA","Invalid fill (too long)."
"0x004fccb7","0x00573048","0x004fcc90","DATA","Format specifier requires numeric or pointer argument."
"0x004fcc7e","0x00573080","0x004fcc60","DATA","Format specifier requires numeric argument."
"0x004fb967","0x005730bc","0x004fb940","DATA","Precision not allowed for this argument type."
"0x004ec470","0x005730ec","0x004ec420","DATA","Number is too big."
"0x004ec4e0","0x005730ec","0x004ec490","DATA","Number is too big."
"0x004e6f43","0x00573100","0x004e6f40","DATA","Width is not an integer."
"0x004e78b1","0x0057311c","0x004e78a0","DATA","Negative width."
"0x004e70d9","0x0057311c","0x004e70d0","DATA","Negative width."
"0x004e6f33","0x0057312c","0x004e6f30","DATA","Precision is not an integer."
"0x004e7881","0x0057314c","0x004e7870","DATA","Negative precision."
"0x004e70b9","0x0057314c","0x004e70b0","DATA","Negative precision."
"0x0050627b","0x00573284","0x00506210","DATA","D:\cygwin\home\zun\prog\th20\src\game\plyshot.cpp:184 ShotInf"
"0x0050a2e9","0x005732f0","0x0050a2e0","DATA","D:\cygwin\home\zun\prog\th20\src\game\replay.h:140 ReplayRecDataInf"
"0x005084da","0x00573338","0x00508480","DATA","D:\cygwin\home\zun\prog\th20\src\game\replay.cpp:48 ReplayFileHeaderInf"
"0x00508517","0x00573380","0x00508480","DATA","D:\cygwin\home\zun\prog\th20\src\game\replay.cpp:54 ReplayDataHeaderInf"
"0x0050852d","0x005733c8","0x00508480","DATA","D:\cygwin\home\zun\prog\th20\src\game\replay.cpp:55 ReplayStageDataHeaderInf"
"0x00508747","0x00573418","0x00508480","DATA","RandomSeed %d
"
"0x00508a02","0x00573418","0x00508480","DATA","RandomSeed %d
"
"0x0050a934","0x00573428","0x0050a930","DATA","D:\cygwin\home\zun\prog\th20\src\game\replay.cpp:169 ReplayInf"
"0x0050a8e4","0x00573468","0x0050a8e0","DATA","D:\cygwin\home\zun\prog\th20\src\game\replay.cpp:188 ReplayInf"
"0x005095bb","0x005734ac","0x00509280","DATA","D:\cygwin\home\zun\prog\th20\src\game\replay.cpp:530 void"
"0x0050994e","0x005734e8","0x00509280","DATA","D:\cygwin\home\zun\prog\th20\src\game\replay.cpp:585 char"
"0x005099c9","0x0057354c","0x00509280","DATA","1.00c"
"0x005099ce","0x00573554","0x00509280","DATA","Version %s
"
"0x005099f1","0x00573564","0x00509280","DATA","Name %s
"
"0x00509a5f","0x00573570","0x00509280","DATA","Date %.2d/%.2d/%.2d %.2d:%.2d
"
"0x00509aa5","0x00573590","0x00509280","DATA","Chara %s
"
"0x00509ad5","0x0057359c","0x00509280","DATA","Rank %s
"
"0x00509b09","0x005735a8","0x00509280","DATA","Extra Stage Clear
"
"0x00509b27","0x005735bc","0x00509280","DATA","Stage All Clear
"
"0x00509b5f","0x005735d0","0x00509280","DATA","Extra Stage
"
"0x00509b84","0x005735e0","0x00509280","DATA","Stage %d
"
"0x00509bda","0x00573600","0x00509280","DATA","Score %llu
"
"0x00509c0c","0x00573610","0x00509280","DATA","Slow Rate %2.2f
"
"0x00508d1c","0x00573670","0x00508b90","DATA","D:\cygwin\home\zun\prog\th20\src\game\replay.cpp:708 ReplayFrameDataInf"
"0x0050a6c6","0x005736b8","0x0050a6b0","DATA","D:\cygwin\home\zun\prog\th20\src\game\replay.cpp:818 ReplayStageDataHeaderInf"
"0x0050fbb0","0x0057371c","0x0050fb60","DATA","scoreth20bak.dat"
"0x0050f40a","0x0057371c","0x0050f3b0","DATA","scoreth20bak.dat"
"0x0050fbc1","0x00573730","0x0050fb60","DATA","scoreth20.dat"
"0x0050f4d5","0x00573730","0x0050f3b0","DATA","scoreth20.dat"
"0x0050f592","0x00573740","0x0050f3b0","DATA","Score.LoadThread end
"
"0x0050fbd6","0x00573758","0x0050fb60","DATA","Score.SaveThread end
"
"0x0050fce3","0x00573770","0x0050fce0","DATA","D:\cygwin\home\zun\prog\th20\src\game\score.cpp:118 ScoreInf"
"0x0050eb88","0x005737b0","0x0050eb70","DATA","Init ScoreFile
"
"0x0050ebc3","0x005737c0","0x0050eb70","DATA","D:\cygwin\home\zun\prog\th20\src\game\score.cpp:175 ScoreFileHeaderInf"
"0x0050ed0d","0x00573848","0x0050eb70","DATA","D:\cygwin\home\zun\prog\th20\src\game\score.cpp:201 ScoreChunkInf"
"0x0050ee7e","0x0057388c","0x0050eb70","DATA","error ScoreFile Data Error
"
"0x0050ee61","0x0057388c","0x0050eb70","DATA","error ScoreFile Data Error
"
"0x0050f6f2","0x005738a8","0x0050f6b0","DATA","D:\cygwin\home\zun\prog\th20\src\game\score.cpp:252 char"
"0x0050fe7a","0x00573960","0x0050fdd0","DATA","initialize SmallScoreInf
"
"0x0050fecf","0x0057397c","0x0050fea0","DATA","shutdown SmallScoreInf
"
"0x005108d4","0x00573998","0x005108d0","DATA","D:\cygwin\home\zun\prog\th20\src\game\smallscore.cpp:57 SmallScoreInf"
"0x0051058d","0x005739e0","0x00510110","DATA","BONUS %.1f"
"0x005105d7","0x005739ec","0x00510110","DATA","NO BONUS"
"0x005b003c","0x005739fc","","DATA","st01.std"
"0x005b0170","0x005739fc","","DATA","st01.std"
"0x005b0040","0x00573a08","","DATA","st00.ecl"
"0x005b0044","0x00573a14","","DATA","th20_02"
"0x005b0048","0x00573a14","","DATA","th20_02"
"0x005b0178","0x00573a14","","DATA","th20_02"
"0x005b004c","0x00573a1c","","DATA","st01a.msg"
"0x005b0050","0x00573a28","","DATA","st01b.msg"
"0x005b0054","0x00573a34","","DATA","st01c.msg"
"0x005b0058","0x00573a40","","DATA","st01d.msg"
"0x005b01c0","0x00573a4c","","DATA","st01logo.anm"
"0x005b0174","0x00573a5c","","DATA","st01.ecl"
"0x005b017c","0x00573a68","","DATA","th20_03"
"0x005b0180","0x00573a70","","DATA","st01r0.msg"
"0x005b0184","0x00573a70","","DATA","st01r0.msg"
"0x005b0188","0x00573a7c","","DATA","st01r1.msg"
"0x005b018c","0x00573a7c","","DATA","st01r1.msg"
"0x005b0190","0x00573a88","","DATA","st01r2.msg"
"0x005b0194","0x00573a88","","DATA","st01r2.msg"
"0x005b0198","0x00573a94","","DATA","st01r3.msg"
"0x005b019c","0x00573a94","","DATA","st01r3.msg"
"0x005b01a0","0x00573aa0","","DATA","st01m0.msg"
"0x005b01a4","0x00573aa0","","DATA","st01m0.msg"
"0x005b01a8","0x00573aac","","DATA","st01m1.msg"
"0x005b01ac","0x00573aac","","DATA","st01m1.msg"
"0x005b01b0","0x00573ab8","","DATA","st01m2.msg"
"0x005b01b4","0x00573ab8","","DATA","st01m2.msg"
"0x005b01b8","0x00573ac4","","DATA","st01m3.msg"
"0x005b01bc","0x00573ac4","","DATA","st01m3.msg"
"0x005b02a4","0x00573ad0","","DATA","st02.std"
"0x005b02a8","0x00573adc","","DATA","st02.ecl"
"0x005b02ac","0x00573ae8","","DATA","th20_04"
"0x005b02b0","0x00573af0","","DATA","th20_05"
"0x005b02b4","0x00573af8","","DATA","st02r0.msg"
"0x005b02b8","0x00573af8","","DATA","st02r0.msg"
"0x005b02bc","0x00573b04","","DATA","st02r1.msg"
"0x005b02c0","0x00573b04","","DATA","st02r1.msg"
"0x005b02c4","0x00573b10","","DATA","st02r2.msg"
"0x005b02c8","0x00573b10","","DATA","st02r2.msg"
"0x005b02cc","0x00573b1c","","DATA","st02r3.msg"
"0x005b02d0","0x00573b1c","","DATA","st02r3.msg"
"0x005b02d4","0x00573b28","","DATA","st02m0.msg"
"0x005b02d8","0x00573b28","","DATA","st02m0.msg"
"0x005b02dc","0x00573b34","","DATA","st02m1.msg"
"0x005b02e0","0x00573b34","","DATA","st02m1.msg"
"0x005b02e4","0x00573b40","","DATA","st02m2.msg"
"0x005b02e8","0x00573b40","","DATA","st02m2.msg"
"0x005b02ec","0x00573b4c","","DATA","st02m3.msg"
"0x005b02f0","0x00573b4c","","DATA","st02m3.msg"
"0x005b02f4","0x00573b58","","DATA","st02logo.anm"
"0x005b03d8","0x00573b68","","DATA","st03.std"
"0x005b03dc","0x00573b74","","DATA","st03.ecl"
"0x005b03e0","0x00573b80","","DATA","th20_06"
"0x005b03e4","0x00573b88","","DATA","th20_07"
"0x005b03e8","0x00573b90","","DATA","st03r0.msg"
"0x005b03ec","0x00573b90","","DATA","st03r0.msg"
"0x005b03f0","0x00573b9c","","DATA","st03r1.msg"
"0x005b03f4","0x00573b9c","","DATA","st03r1.msg"
"0x005b03f8","0x00573ba8","","DATA","st03r2.msg"
"0x005b03fc","0x00573ba8","","DATA","st03r2.msg"
"0x005b0400","0x00573bb4","","DATA","st03r3.msg"
"0x005b0404","0x00573bb4","","DATA","st03r3.msg"
"0x005b0408","0x00573bc0","","DATA","st03m0.msg"
"0x005b040c","0x00573bc0","","DATA","st03m0.msg"
"0x005b0410","0x00573bcc","","DATA","st03m1.msg"
"0x005b0414","0x00573bcc","","DATA","st03m1.msg"
"0x005b0418","0x00573bd8","","DATA","st03m2.msg"
"0x005b041c","0x00573bd8","","DATA","st03m2.msg"
"0x005b0420","0x00573be4","","DATA","st03m3.msg"
"0x005b0424","0x00573be4","","DATA","st03m3.msg"
"0x005b0428","0x00573bf0","","DATA","st03logo.anm"
"0x005b050c","0x00573c00","","DATA","st04.std"
"0x005b0510","0x00573c0c","","DATA","st04.ecl"
"0x005b0514","0x00573c18","","DATA","th20_08"
"0x005b0518","0x00573c20","","DATA","th20_09"
"0x005b051c","0x00573c28","","DATA","st04r0.msg"
"0x005b0520","0x00573c28","","DATA","st04r0.msg"
"0x005b0524","0x00573c34","","DATA","st04r1.msg"
"0x005b0528","0x00573c34","","DATA","st04r1.msg"
"0x005b052c","0x00573c40","","DATA","st04r2.msg"
"0x005b0530","0x00573c40","","DATA","st04r2.msg"
"0x005b0534","0x00573c4c","","DATA","st04r3.msg"
"0x005b0538","0x00573c4c","","DATA","st04r3.msg"
"0x005b053c","0x00573c58","","DATA","st04m0.msg"
"0x005b0540","0x00573c58","","DATA","st04m0.msg"
"0x005b0544","0x00573c64","","DATA","st04m1.msg"
"0x005b0548","0x00573c64","","DATA","st04m1.msg"
"0x005b054c","0x00573c70","","DATA","st04m2.msg"
"0x005b0550","0x00573c70","","DATA","st04m2.msg"
"0x005b0554","0x00573c7c","","DATA","st04m3.msg"
"0x005b0558","0x00573c7c","","DATA","st04m3.msg"
"0x005b055c","0x00573c88","","DATA","st04logo.anm"
"0x005b0640","0x00573c98","","DATA","st05.std"
"0x005b0644","0x00573ca4","","DATA","st05.ecl"
"0x005b0648","0x00573cb0","","DATA","th20_10"
"0x005b064c","0x00573cb8","","DATA","th20_11"
"0x005b0650","0x00573cc0","","DATA","st05r0.msg"
"0x005b0654","0x00573cc0","","DATA","st05r0.msg"
"0x005b0658","0x00573ccc","","DATA","st05r1.msg"
"0x005b065c","0x00573ccc","","DATA","st05r1.msg"
"0x005b0660","0x00573cd8","","DATA","st05r2.msg"
"0x005b0664","0x00573cd8","","DATA","st05r2.msg"
"0x005b0668","0x00573ce4","","DATA","st05r3.msg"
"0x005b066c","0x00573ce4","","DATA","st05r3.msg"
"0x005b0670","0x00573cf0","","DATA","st05m0.msg"
"0x005b0674","0x00573cf0","","DATA","st05m0.msg"
"0x005b0678","0x00573cfc","","DATA","st05m1.msg"
"0x005b067c","0x00573cfc","","DATA","st05m1.msg"
"0x005b0680","0x00573d08","","DATA","st05m2.msg"
"0x005b0684","0x00573d08","","DATA","st05m2.msg"
"0x005b0688","0x00573d14","","DATA","st05m3.msg"
"0x005b068c","0x00573d14","","DATA","st05m3.msg"
"0x005b0690","0x00573d20","","DATA","st05logo.anm"
"0x005b0774","0x00573d30","","DATA","st06.std"
"0x005b0778","0x00573d3c","","DATA","st06.ecl"
"0x005b077c","0x00573d48","","DATA","th20_13"
"0x005b0780","0x00573d50","","DATA","th20_12"
"0x005b0784","0x00573d58","","DATA","st06r0.msg"
"0x005b0788","0x00573d58","","DATA","st06r0.msg"
"0x005b078c","0x00573d64","","DATA","st06r1.msg"
"0x005b0790","0x00573d64","","DATA","st06r1.msg"
"0x005b0794","0x00573d70","","DATA","st06r2.msg"
"0x005b0798","0x00573d70","","DATA","st06r2.msg"
"0x005b079c","0x00573d7c","","DATA","st06r3.msg"
"0x005b07a0","0x00573d7c","","DATA","st06r3.msg"
"0x005b07a4","0x00573d88","","DATA","st06m0.msg"
"0x005b07a8","0x00573d88","","DATA","st06m0.msg"
"0x005b07ac","0x00573d94","","DATA","st06m1.msg"
"0x005b07b0","0x00573d94","","DATA","st06m1.msg"
"0x005b07b4","0x00573da0","","DATA","st06m2.msg"
"0x005b07b8","0x00573da0","","DATA","st06m2.msg"
"0x005b07bc","0x00573dac","","DATA","st06m3.msg"
"0x005b07c0","0x00573dac","","DATA","st06m3.msg"
"0x005b07c4","0x00573db8","","DATA","st06logo.anm"
"0x005b08a8","0x00573dc8","","DATA","st07.std"
"0x005b08ac","0x00573dd4","","DATA","st07.ecl"
"0x005b08b0","0x00573de0","","DATA","th20_17"
"0x005b08b4","0x00573de8","","DATA","th20_18"
"0x005b08b8","0x00573df0","","DATA","st07r0.msg"
"0x005b08bc","0x00573dfc","","DATA","st07r1.msg"
"0x005b08c0","0x00573e08","","DATA","st07r2.msg"
"0x005b08c4","0x00573e14","","DATA","st07r3.msg"
"0x005b08c8","0x00573e20","","DATA","st07r4.msg"
"0x005b08cc","0x00573e2c","","DATA","st07r5.msg"
"0x005b08d0","0x00573e38","","DATA","st07r6.msg"
"0x005b08d4","0x00573e44","","DATA","st07r7.msg"
"0x005b08d8","0x00573e50","","DATA","st07m0.msg"
"0x005b08dc","0x00573e5c","","DATA","st07m1.msg"
"0x005b08e0","0x00573e68","","DATA","st07m2.msg"
"0x005b08e4","0x00573e74","","DATA","st07m3.msg"
"0x005b08e8","0x00573e80","","DATA","st07m4.msg"
"0x005b08ec","0x00573e8c","","DATA","st07m5.msg"
"0x005b08f0","0x00573e98","","DATA","st07m6.msg"
"0x005b08f4","0x00573ea4","","DATA","st07m7.msg"
"0x005b08f8","0x00573eb0","","DATA","st07logo.anm"
"0x00510a4c","0x00573ed0","0x00510980","DATA","initialize StageClearInf
"
"0x00510aaf","0x00573eec","0x00510a80","DATA","shutdown StageClearInf
"
"0x005115db","0x00573f08","0x005115c0","DATA","D:\cygwin\home\zun\prog\th20\src\game\stageclear.cpp:89 StageClearInf"
"0x005b09d8","0x00574040","","DATA","StoneR"
"0x005b09dc","0x00574048","","DATA","StoneB"
"0x005b09e0","0x00574050","","DATA","StoneY"
"0x005b09e4","0x00574058","","DATA","StoneG"
"0x005b09e8","0x00574060","","DATA","StoneAttackLevel_R1"
"0x005b09ec","0x00574074","","DATA","StoneAttackLevel_R2"
"0x005b09f0","0x00574088","","DATA","StoneAttackLevel_R3"
"0x005b09f4","0x0057409c","","DATA","StoneAttackLevel_R4"
"0x005b09f8","0x005740b0","","DATA","StoneAttackLevel_R5"
"0x005b09fc","0x005740c4","","DATA","StoneAttackLevel_B1"
"0x005b0a00","0x005740d8","","DATA","StoneAttackLevel_B2"
"0x005b0a04","0x005740ec","","DATA","StoneAttackLevel_B3"
"0x005b0a08","0x00574100","","DATA","StoneAttackLevel_B4"
"0x005b0a0c","0x00574114","","DATA","StoneAttackLevel_B5"
"0x005b0a10","0x00574128","","DATA","StoneAttackLevel_Y1"
"0x005b0a14","0x0057413c","","DATA","StoneAttackLevel_Y2"
"0x005b0a18","0x00574150","","DATA","StoneAttackLevel_Y3"
"0x005b0a1c","0x00574164","","DATA","StoneAttackLevel_Y4"
"0x005b0a20","0x00574178","","DATA","StoneAttackLevel_Y5"
"0x005b0a24","0x0057418c","","DATA","StoneAttackLevel_G1"
"0x005b0a28","0x005741a0","","DATA","StoneAttackLevel_G2"
"0x005b0a2c","0x005741b4","","DATA","StoneAttackLevel_G3"
"0x005b0a30","0x005741c8","","DATA","StoneAttackLevel_G4"
"0x005b0a34","0x005741dc","","DATA","StoneAttackLevel_G5"
"0x00514243","0x005741f0","0x00514240","DATA","D:\cygwin\home\zun\prog\th20\src\game\stoneenemy.cpp:67 StoneEnemyCtrlInf"
"0x00512f69","0x00574240","0x00512f60","DATA","D:\cygwin\home\zun\prog\th20\src\game\stoneenemy.cpp:76 StoneEnemyInf"
"0x00512c60","0x00574288","0x00512aa0","DATA","Wonder Stone Appeared!"
"0x00512d3d","0x00574288","0x00512aa0","DATA","Wonder Stone Appeared!"
"0x00512df1","0x00574288","0x00512aa0","DATA","Wonder Stone Appeared!"
"0x00512ea5","0x00574288","0x00512aa0","DATA","Wonder Stone Appeared!"
"0x00512ca1","0x005742a0","0x00512aa0","DATA","Level "
"0x00512d7e","0x005742a0","0x00512aa0","DATA","Level "
"0x00512e32","0x005742a0","0x00512aa0","DATA","Level "
"0x00512ee6","0x005742a0","0x00512aa0","DATA","Level "
"0x00513060","0x005742a8","0x00512fb0","DATA","enemy"
"0x005742e0","0x005745c4","","DATA","REIMU_MAIN_RED"
"0x0051bd57","0x00574cb4","0x0051bd50","DATA","iostream"
"0x0051bcff","0x00574cc0","0x0051bce0","DATA","iostream stream error"
"0x0051b293","0x00574d2c","0x0051b250","DATA","ios_base::badbit set"
"0x0051b2c6","0x00574d2c","0x0051b250","DATA","ios_base::badbit set"
"0x0051b2a4","0x00574d44","0x0051b250","DATA","ios_base::failbit set"
"0x0051b2ad","0x00574d5c","0x0051b250","DATA","ios_base::eofbit set"
"0x00519993","0x00574e2c","0x00519960","DATA","initialize StoneMenuInf
"
"0x005199bf","0x00574e48","0x00519960","DATA","stone.anm"
"0x00519a4b","0x00574e54","0x00519960","DATA","stonetext.txt"
"0x0051619f","0x00574e64","0x00516170","DATA","shitdown StoneMenuInf
"
"0x0051cc24","0x00574e80","0x0051cc20","DATA","D:\cygwin\home\zun\prog\th20\src\game\stonemenu.cpp:302 StoneMenuInf"
"0x0051de6b","0x00574fcc","0x0051db00","DATA","initialize TitleInf
"
"0x0052cf9a","0x00574fe4","0x0052cf80","DATA","title"
"0x0051f3fb","0x00574fec","0x0051f3c0","DATA","title.anm"
"0x0051f436","0x00574ff8","0x0051f3c0","DATA","title_v.anm"
"0x0051ded1","0x00575004","0x0051dea0","DATA","shutdown TitleInf
"
"0x0052cff0","0x00575018","0x0052cfe0","DATA","D:\cygwin\home\zun\prog\th20\src\game\title.cpp:219 TitleInf"
"0x005b0a64","0x00575058","","DATA","demo/demo1.rpy"
"0x005b0a68","0x00575068","","DATA","demo/demo2.rpy"
"0x005b0a6c","0x00575078","","DATA","demo/demo3.rpy"
"0x005b0a70","0x00575088","","DATA","demo/demo4.rpy"
"0x0052771b","0x00575098","0x00526a90","DATA","th20_01"
"0x0051e3f9","0x00575098","0x0051e3c0","DATA","th20_01"
"0x00522de2","0x00575098","0x005223e0","DATA","th20_01"
"0x0051e6da","0x00575098","0x0051e3c0","DATA","th20_01"
"0x00520c3a","0x00575098","0x005205d0","DATA","th20_01"
"0x005750a0","0x005750c8","","DATA","Game Start"
"0x005750a4","0x005750d4","","DATA","Extra Start"
"0x005750a8","0x005750e0","","DATA","Practice"
"0x005750ac","0x005750ec","","DATA","Spell Practice"
"0x005750b0","0x005750fc","","DATA","Replay"
"0x005750b4","0x00575104","","DATA","Player Data"
"0x005750b8","0x00575110","","DATA","Music Room"
"0x005750c0","0x0057511c","","DATA","Manual"
"0x00529d50","0x00575124","0x00529b40","DATA","---------"
"0x00529dfd","0x00575130","0x00529b40","DATA","%.7d0"
"0x0051f588","0x00575138","0x0051f490","DATA","th20_ud????.rpy"
"0x00524762","0x00575148","0x005240d0","DATA","No.%.2d %s %.2d/%.2d/%.2d %.2d:%.2d %s %s %s %s %2.1f%%"
"0x00524309","0x00575148","0x005240d0","DATA","No.%.2d %s %.2d/%.2d/%.2d %.2d:%.2d %s %s %s %s %2.1f%%"
"0x005b0a74","0x00575148","","DATA","No.%.2d %s %.2d/%.2d/%.2d %.2d:%.2d %s %s %s %s %2.1f%%"
"0x00527a24","0x00575180","0x005277f0","DATA","No.%.2d -------- --/--/-- --:-- ------ ------- ------- --- ---%%"
"0x00524519","0x00575180","0x005240d0","DATA","No.%.2d -------- --/--/-- --:-- ------ ------- ------- --- ---%%"
"0x0052452c","0x00575180","0x005240d0","DATA","No.%.2d -------- --/--/-- --:-- ------ ------- ------- --- ---%%"
"0x005b0a78","0x00575180","","DATA","No.%.2d -------- --/--/-- --:-- ------ ------- ------- --- ---%%"
"0x005248cd","0x005751c4","0x005240d0","DATA","%s  %s %.2d/%.2d/%.2d %.2d:%.2d %s %s %s%s %s %2.1f%%"
"0x0052492f","0x005751c4","0x005240d0","DATA","%s  %s %.2d/%.2d/%.2d %.2d:%.2d %s %s %s%s %s %2.1f%%"
"0x0052446a","0x005751c4","0x005240d0","DATA","%s  %s %.2d/%.2d/%.2d %.2d:%.2d %s %s %s%s %s %2.1f%%"
"0x005244cc","0x005751c4","0x005240d0","DATA","%s  %s %.2d/%.2d/%.2d %.2d:%.2d %s %s %s%s %s %2.1f%%"
"0x005b0a7c","0x005751c4","","DATA","%s  %s %.2d/%.2d/%.2d %.2d:%.2d %s %s %s%s %s %2.1f%%"
"0x00524519","0x005751fc","0x005240d0","DATA","User  -------- --/--/-- --:-- ------ ------- ------- --- ---%%"
"0x0052452c","0x005751fc","0x005240d0","DATA","User  -------- --/--/-- --:-- ------ ------- ------- --- ---%%"
"0x005b0a80","0x005751fc","","DATA","User  -------- --/--/-- --:-- ------ ------- ------- --- ---%%"
"0x00524803","0x0057523c","0x005240d0","DATA","No.%.2d %s %.2d/%.2d/%.2d %.2d:%.2d %s %s SpellPr %3d %2.1f%%"
"0x005243a5","0x0057523c","0x005240d0","DATA","No.%.2d %s %.2d/%.2d/%.2d %.2d:%.2d %s %s SpellPr %3d %2.1f%%"
"0x005b0a84","0x0057523c","","DATA","No.%.2d %s %.2d/%.2d/%.2d %.2d:%.2d %s %s SpellPr %3d %2.1f%%"
"0x00524a2e","0x0057527c","0x005240d0","DATA","%s  ---------"
"0x00524b38","0x0057528c","0x005240d0","DATA","%s  %8llu%d"
"0x00524bb0","0x0057528c","0x005240d0","DATA","%s  %8llu%d"
"0x0052311f","0x005752c8","0x00522e20","DATA","%2d  %s  %9llu%d  %.4d/%.2d/%.2d %.2d:%.2d  %s  %2.1f%%"
"0x00525b96","0x005752c8","0x005257f0","DATA","%2d  %s  %9llu%d  %.4d/%.2d/%.2d %.2d:%.2d  %s  %2.1f%%"
"0x00523168","0x00575300","0x00522e20","DATA","%2d  %s  %9llu%d  ----/--/-- --:--  Stage -  ---%%"
"0x00525bf2","0x00575300","0x005257f0","DATA","%2d  %s  %9llu%d  ----/--/-- --:--  Stage -  ---%%"
"0x00525fce","0x00575338","0x005257f0","DATA","No.%s%s%s   %s"
"0x005260dd","0x00575348","0x005257f0","DATA","%4d/%4d"
"0x0052636e","0x00575348","0x005257f0","DATA","%4d/%4d"
"0x005263f4","0x00575388","0x005257f0","DATA","    %5d"
"0x0052653c","0x00575388","0x005257f0","DATA","    %5d"
"0x005264d6","0x00575390","0x005257f0","DATA","%3lld:%.2lld:%.2lld"
"0x00527bf1","0x005753a8","0x005277f0","DATA","No.%.2d %s %.2d/%.2d/%.2d %.2d:%.2d %s %s %s %2.1f%%"
"0x00527a00","0x005753a8","0x005277f0","DATA","No.%.2d %s %.2d/%.2d/%.2d %.2d:%.2d %s %s %s %2.1f%%"
"0x0051f8c5","0x005753e0","0x0051f890","DATA","musiccmt.txt"
"0x005202e9","0x00575528","0x0051feb0","DATA"," No.%3d  %s"
"0x00528da1","0x0057557c","0x00528a50","DATA","SCORE %8llu0  %4d/%4d"
"0x00528f1e","0x00575594","0x00528a50","DATA","GAME MODE        %4d/%4d"
"0x00528f49","0x005755b0","0x00528a50","DATA","SCORE        00  ----/----"
"0x0052c0ae","0x00575610","0x0052c030","DATA","D:\cygwin\home\zun\prog\th20\src\game\title.cpp:5302 RenderMeshInf"
"0x0052f9fb","0x005756a4","0x0052f9b0","DATA","invalid stoi argument"
"0x0052fa0e","0x005756bc","0x0052f9b0","DATA","stoi argument out of range"
"0x0052db06","0x005756e8","0x0052da70","DATA","initialize TrophyInf
"
"0x0052e179","0x00575700","0x0052e170","DATA","trophy.anm"
"0x0052e23b","0x00575700","0x0052e210","DATA","trophy.anm"
"0x0052dc2f","0x0057570c","0x0052dc00","DATA","shutdown TrophyInf
"
"0x0052e270","0x00575720","0x0052e210","DATA","D:\cygwin\home\zun\prog\th20\src\game\trophy.cpp:92 TrophyMsgInf"
"0x0052e28b","0x00575764","0x0052e210","DATA","trophy.txt"
"0x0052f94d","0x00575770","0x0052f900","DATA","D:\cygwin\home\zun\prog\th20\src\game\trophy.cpp:181 TrophyInf"
"0x0052dfa2","0x005757c4","0x0052df30","DATA","trophy"
"0x0052dfc8","0x005757c4","0x0052df30","DATA","trophy"
"0x0052dfee","0x005757c4","0x0052df30","DATA","trophy"
"0x005305f3","0x00575908","0x005305f0","DATA","D:\cygwin\home\zun\prog\th20\src\game\weaponblue.cpp:39 StoneBlueReimuInf"
"0x00530ae3","0x005759d0","0x00530ae0","DATA","D:\cygwin\home\zun\prog\th20\src\game\weaponblue2.cpp:51 StoneBlueReimu2Inf"
"0x00530c93","0x00575aa0","0x00530c90","DATA","D:\cygwin\home\zun\prog\th20\src\game\weaponblue2_m.cpp:52 StoneBlueMarisa2Inf"
"0x00531033","0x00575b70","0x00531030","DATA","D:\cygwin\home\zun\prog\th20\src\game\weaponblue_m.cpp:39 StoneBlueMarisaInf"
"0x00531583","0x00575c40","0x00531580","DATA","D:\cygwin\home\zun\prog\th20\src\game\weapongreen.cpp:59 StoneGreenReimuInf"
"0x00531bf3","0x00575d08","0x00531bf0","DATA","D:\cygwin\home\zun\prog\th20\src\game\weapongreen2.cpp:73 StoneGreenReimu2Inf"
"0x005321c3","0x00575dd8","0x005321c0","DATA","D:\cygwin\home\zun\prog\th20\src\game\weapongreen2_m.cpp:72 StoneGreenMarisa2Inf"
"0x00532313","0x00575ea8","0x00532310","DATA","D:\cygwin\home\zun\prog\th20\src\game\weapongreen_m.cpp:59 StoneGreenMarisaInf"
"0x00532463","0x00575f78","0x00532460","DATA","D:\cygwin\home\zun\prog\th20\src\game\weaponred.cpp:42 StoneRedReimuInf"
"0x00532563","0x00576040","0x00532560","DATA","D:\cygwin\home\zun\prog\th20\src\game\weaponred2.cpp:35 StoneRedReimu2Inf"
"0x00532633","0x00576108","0x00532630","DATA","D:\cygwin\home\zun\prog\th20\src\game\weaponred2_m.cpp:36 StoneRedMarisa2Inf"
"0x00532703","0x005761d8","0x00532700","DATA","D:\cygwin\home\zun\prog\th20\src\game\weaponred_m.cpp:37 StoneRedMarisaInf"
"0x00532fb9","0x00576234","0x00532fb0","DATA","initialize WeaponStoneInf
"
"0x00532ffa","0x00576250","0x00532fb0","DATA","aura.anm"
"0x00532a2b","0x0057625c","0x00532970","DATA","shitdown WeaponStoneInf
"
"0x00534dd4","0x00576278","0x00534dd0","DATA","D:\cygwin\home\zun\prog\th20\src\game\weaponstone.cpp:256 WeaponStoneInf"
"0x0053490c","0x005762d0","0x005348d0","DATA","D:\cygwin\home\zun\prog\th20\src\game\weaponstone.cpp:482 RenderMeshInf"
"0x00534b48","0x00576318","0x00534ab0","DATA","D:\cygwin\home\zun\prog\th20\src\game\weaponstone.cpp:652 RenderMeshInf"
"0x005357f3","0x005763e0","0x005357f0","DATA","D:\cygwin\home\zun\prog\th20\src\game\weaponyellow.cpp:71 StoneYellowReimuInf"
"0x00536d53","0x005764b0","0x00536d50","DATA","D:\cygwin\home\zun\prog\th20\src\game\weaponyellow2.cpp:81 StoneYellowReimu2Inf"
"0x005381b3","0x005765d0","0x005381b0","DATA","D:\cygwin\home\zun\prog\th20\src\game\weaponyellow2_m.cpp:81 StoneYellowMarisa2Inf"
"0x005389b3","0x005766f8","0x005389b0","DATA","D:\cygwin\home\zun\prog\th20\src\game\weaponyellow_m.cpp:72 StoneYellowMarisaInf"
"0x00538b2b","0x00576798","0x00538af0","DATA","D:\cygwin\home\zun\prog\th20\src\pack\File.cpp:162 void"
"0x00539572","0x005767ec","0x00539550","DATA","D:\cygwin\home\zun\prog\th20\src\pack\LzssUtil.cpp:57 BYTE"
"0x0053920d","0x00576828","0x005391f0","DATA","D:\cygwin\home\zun\prog\th20\src\pack\LzssUtil.cpp:202 BYTE"
"0x0053a72d","0x00576864","0x0053a6f0","DATA","info : CurrentDirectory %s 
"
"0x0053a73e","0x00576884","0x0053a6f0","DATA","info : %s open arcfile
"
"0x0053a74b","0x005768a0","0x0053a6f0","DATA","D:\cygwin\home\zun\prog\th20\src\pack\_ArcMngr.cpp:78 File"
"0x0053a7f7","0x005768dc","0x0053a6f0","DATA","info : %s not found
"
"0x0053a187","0x005768f4","0x0053a170","DATA","info : %s close arcfile
"
"0x0053a43c","0x00576910","0x0053a3c0","DATA","D:\cygwin\home\zun\prog\th20\src\pack\_ArcMngr.cpp:173 BYTE"
"0x0053a5dc","0x0057694c","0x0053a3c0","DATA","info : %s error
"
"0x0053a006","0x00576960","0x00539ed0","DATA","D:\cygwin\home\zun\prog\th20\src\pack\_ArcMngr.cpp:344 void"
"0x0053a231","0x005769a0","0x0053a210","DATA","D:\cygwin\home\zun\prog\th20\src\pack\_ArcMngr.cpp:385 ARCFILE_INFO"
"0x00539e7b","0x005769e4","0x00539e60","DATA","D:\cygwin\home\zun\prog\th20\src\pack\_ArcMngr.cpp:422 char"
"0x0053e399","0x00576a40","0x0053e390","DATA","D:\cygwin\home\zun\prog\th20\src\script\sptcmd.cpp:1013 SptBaseInf"
"0x0053e3ac","0x00576a88","0x0053e390","DATA","D:\cygwin\home\zun\prog\th20\src\script\sptcmd.cpp:1014 LinkInf<SptBaseInf*>"
"0x0053feb7","0x00576ad8","0x0053fe60","DATA","error : Spt FileHeader ID error
"
"0x0053ff0d","0x00576afc","0x0053fe60","DATA","error : Spt FileHeader Version error
"
"0x005405ca","0x00576b24","0x005405b0","DATA","Script stack over
"
"0x0054077a","0x00576c38","0x00540753","DATA","api-ms-win-core-synch-l1-2-0.dll"
"0x0054078c","0x00576c7c","0x00540753","DATA","WaitOnAddress"
"0x00540798","0x00576c8c","0x00540753","DATA","WakeByAddressSingle"
"0x005407a7","0x00576ca0","0x00540753","DATA","WakeByAddressAll"
"0x00576cb4","0x00576cec","","DATA","device or resource busy"
"0x00576cb8","0x00576d04","","DATA","invalid argument"
"0x00576cbc","0x00576d18","","DATA","no such process"
"0x00576cc0","0x00576d28","","DATA","not enough memory"
"0x00576cc4","0x00576d3c","","DATA","operation not permitted"
"0x00576cc8","0x00576d54","","DATA","resource deadlock would occur"
"0x00576ccc","0x00576d74","","DATA","resource unavailable try again"
"0x00540d34","0x00576d94","0x00540d24","DATA","bad allocation"
"0x00540f93","0x00576ef8","0x00540f5f","DATA","!x-sys-default-locale"
"0x00540ff1","0x00577440","0x00540fdf","DATA","success"
"0x00540fff","0x00577448","0x00540fdf","DATA","address family not supported"
"0x005771d4","0x00577448","","DATA","address family not supported"
"0x00540ff8","0x005779c4","0x00540fdf","DATA","unknown error"
"0x005423f8","0x005779d4","","DATA","kernel32.dll"
"0x00542411","0x005779f0","","DATA","GetTempPath2W"
"0x005423d8","0x00597010","0x005423c1","DATA","invalid random_device value"
"0x00542405","0x0059702c","","DATA","GetSystemTimePreciseAsFileTime"
"0x005471f7","0x00597190","0x005471e7","DATA","bad exception"
"0x00597b44","0x00597b50","","DATA","api-ms-win-core-fibers-l1-1-1"
"0x00597b48","0x00597b8c","","DATA","api-ms-win-core-synch-l1-2-0"
"0x005997d4","0x00597b8c","","DATA","api-ms-win-core-synch-l1-2-0"
"0x00597b4c","0x00597bc8","","DATA","kernel32"
"0x005997f8","0x00597bc8","","DATA","kernel32"
"0x0054796b","0x00597bdc","0x00547947","DATA","api-ms-"
"0x00557f46","0x00597bdc","0x00557f20","DATA","api-ms-"
"0x00547996","0x00597bf4","0x00547992","DATA","FlsAlloc"
"0x005479a0","0x00597bf4","0x00547992","DATA","FlsAlloc"
"0x005479d1","0x00597c08","0x005479cd","DATA","FlsFree"
"0x005479db","0x00597c08","0x005479cd","DATA","FlsFree"
"0x00547a0c","0x00597c18","0x00547a08","DATA","FlsGetValue"
"0x00547a16","0x00597c18","0x00547a08","DATA","FlsGetValue"
"0x00547a47","0x00597c2c","0x00547a43","DATA","FlsSetValue"
"0x00547a51","0x00597c2c","0x00547a43","DATA","FlsSetValue"
"0x00547a85","0x00597c40","0x00547a81","DATA","InitializeCriticalSectionEx"
"0x00547a8f","0x00597c40","0x00547a81","DATA","InitializeCriticalSectionEx"
"0x0054a2d4","0x00597d60","0x0054a28f","DATA","(null)"
"0x0054a2d8","0x00597d60","0x0054a28f","DATA","(null)"
"0x0054a2cf","0x00597d60","0x0054a28f","DATA","(null)"
"0x0054a2ed","0x00597d70","0x0054a28f","DATA","(null)"
"0x0054a2f1","0x00597d70","0x0054a28f","DATA","(null)"
"0x00549f7f","0x00597d70","0x00549f21","DATA","(null)"
"0x0054a2e8","0x00597d70","0x0054a28f","DATA","(null)"
"0x0054c60b","0x00598740","0x0054c5fb","DATA","minkernel\crts\ucrt\inc\corecrt_internal_strtox.h"
"0x0054c630","0x00598740","0x0054c620","DATA","minkernel\crts\ucrt\inc\corecrt_internal_strtox.h"
"0x0054c610","0x005987a8","0x0054c5fb","DATA","__crt_strtox::floating_point_value::as_double"
"0x0054c615","0x00598804","0x0054c5fb","DATA","_is_double"
"0x0054c635","0x00598820","0x0054c620","DATA","__crt_strtox::floating_point_value::as_float"
"0x0054c63a","0x0059887c","0x0054c620","DATA","!_is_double"
"0x0054b407","0x00598920","0x0054b395","READ","INITY"
"0x0054b410","0x0059892c","0x0054b395","READ","inity"
"0x0054b5d7","0x0059894a","0x0054b5c5","READ","NAN)"
"0x0054b5e0","0x00598956","0x0054b5c5","READ","nan)"
"0x00552d6c","0x005993e4","0x00552d3e","DATA","mscoree.dll"
"0x00552d7d","0x005993fc","0x00552d3e","DATA","CorExitProcess"
"0x0055baf4","0x00599584","0x0055ba70","DATA","log10"
"0x0055bae8","0x00599584","0x0055ba70","DATA","log10"
"0x00556599","0x00599718","0x00556559","DATA","LC_COLLATE"
"0x005567d4","0x00599718","0x005566f6","DATA","LC_COLLATE"
"0x005567e7","0x00599718","0x005566f6","READ","LC_COLLATE"
"0x005996cc","0x00599718","","DATA","LC_COLLATE"
"0x0055662f","0x00599730","0x00556559","DATA","LC_CTYPE"
"0x005567d4","0x00599730","0x005566f6","DATA","LC_CTYPE"
"0x005996d8","0x00599730","","DATA","LC_CTYPE"
"0x005996e4","0x00599744","","DATA","LC_MONETARY"
"0x005996f0","0x0059975c","","DATA","LC_NUMERIC"
"0x005996fc","0x00599774","","DATA","LC_TIME"
"0x005997b0","0x00599810","","DATA","api-ms-win-core-datetime-l1-1-1"
"0x005997b4","0x00599850","","DATA","api-ms-win-core-fibers-l1-1-2"
"0x005997b8","0x0059988c","","DATA","api-ms-win-core-file-l1-2-4"
"0x005997bc","0x005998c4","","DATA","api-ms-win-core-file-l1-2-2"
"0x005997c0","0x005998fc","","DATA","api-ms-win-core-file-l2-1-4"
"0x005997c4","0x00599938","","DATA","api-ms-win-core-localization-l1-2-1"
"0x005997c8","0x00599980","","DATA","api-ms-win-core-localization-obsolete-l1-2-0"
"0x005997cc","0x005999e0","","DATA","api-ms-win-core-processthreads-l1-1-2"
"0x005997d0","0x00599a2c","","DATA","api-ms-win-core-string-l1-1-0"
"0x005997d8","0x00599a68","","DATA","api-ms-win-core-sysinfo-l1-2-1"
"0x005997dc","0x00599aa8","","DATA","api-ms-win-core-winrt-l1-1-0"
"0x005997e0","0x00599ae4","","DATA","api-ms-win-core-xstate-l2-1-0"
"0x005997e4","0x00599b20","","DATA","api-ms-win-rtcore-ntuser-window-l1-1-0"
"0x005997e8","0x00599b70","","DATA","api-ms-win-security-systemfunctions-l1-1-0"
"0x005997ec","0x00599bc8","","DATA","ext-ms-win-ntuser-dialogbox-l1-1-0"
"0x005997f0","0x00599c10","","DATA","ext-ms-win-ntuser-windowstation-l1-1-0"
"0x005997f4","0x00599c60","","DATA","advapi32"
"0x005997fc","0x00599c74","","DATA","kernelbase"
"0x00599800","0x00599c8c","","DATA","ntdll"
"0x00599804","0x00599c98","","DATA","api-ms-win-appmodel-runtime-l1-1-2"
"0x00599808","0x00599ce0","","DATA","user32"
"0x00557f5c","0x00599cf0","0x00557f20","DATA","ext-ms-"
"0x00557c8c","0x00599d04","0x00557c7b","DATA","AreFileApisANSI"
"0x00557c96","0x00599d04","0x00557c7b","DATA","AreFileApisANSI"
"0x00557cb6","0x00599d1c","0x00557ca5","DATA","CompareStringEx"
"0x00557cc0","0x00599d1c","0x00557ca5","DATA","CompareStringEx"
"0x00557ce1","0x00599d34","0x00557cd0","DATA","EnumSystemLocalesEx"
"0x00557ceb","0x00599d34","0x00557cd0","DATA","EnumSystemLocalesEx"
"0x00558407","0x00599d50","0x005583f5","DATA","FlsGetValue2"
"0x00558411","0x00599d50","0x005583f5","DATA","FlsGetValue2"
"0x00557d0c","0x00599d68","0x00557cfb","DATA","GetDateFormatEx"
"0x00557d16","0x00599d68","0x00557cfb","DATA","GetDateFormatEx"
"0x00557d37","0x00599d80","0x00557d26","DATA","GetLocaleInfoEx"
"0x00557d41","0x00599d80","0x00557d26","DATA","GetLocaleInfoEx"
"0x00557d62","0x00599d98","0x00557d51","DATA","GetTimeFormatEx"
"0x00557d6c","0x00599d98","0x00557d51","DATA","GetTimeFormatEx"
"0x00557d8d","0x00599db0","0x00557d7c","DATA","GetUserDefaultLocaleName"
"0x00557d97","0x00599db0","0x00557d7c","DATA","GetUserDefaultLocaleName"
"0x00557db8","0x00599dd4","0x00557da7","DATA","IsValidLocaleName"
"0x00557dc2","0x00599dd4","0x00557da7","DATA","IsValidLocaleName"
"0x00557e0e","0x00599df0","0x00557dfd","DATA","LCMapStringEx"
"0x00557e18","0x00599df0","0x00557dfd","DATA","LCMapStringEx"
"0x00557de3","0x00599e08","0x00557dd2","DATA","LCIDToLocaleName"
"0x00557ded","0x00599e08","0x00557dd2","DATA","LCIDToLocaleName"
"0x00557e39","0x00599e24","0x00557e28","DATA","LocaleNameToLCID"
"0x00557e43","0x00599e24","0x00557e28","DATA","LocaleNameToLCID"
"0x005582cf","0x00599e3c","0x005582ba","DATA","RoInitialize"
"0x005582d9","0x00599e3c","0x005582ba","DATA","RoInitialize"
"0x00558316","0x00599e50","0x00558304","DATA","RoUninitialize"
"0x00558320","0x00599e50","0x00558304","DATA","RoUninitialize"
"0x00557f98","0x00599e64","0x00557f83","DATA","AppPolicyGetProcessTerminationMethod"
"0x00557fa2","0x00599e64","0x00557f83","DATA","AppPolicyGetProcessTerminationMethod"
"0x00557fe7","0x00599e90","0x00557fd2","DATA","AppPolicyGetThreadInitializationType"
"0x00557ff1","0x00599e90","0x00557fd2","DATA","AppPolicyGetThreadInitializationType"
"0x00558356","0x00599ec0","0x00558341","DATA","SystemFunction036"
"0x00558360","0x00599ec0","0x00558341","DATA","SystemFunction036"
"0x00599ef4","0x0059a03c","","DATA","Sunday"
"0x00599ef8","0x0059a044","","DATA","Monday"
"0x00599efc","0x0059a04c","","DATA","Tuesday"
"0x00599f00","0x0059a054","","DATA","Wednesday"
"0x00599f04","0x0059a060","","DATA","Thursday"
"0x00599f08","0x0059a06c","","DATA","Friday"
"0x00599f0c","0x0059a074","","DATA","Saturday"
"0x00599f40","0x0059a0b0","","DATA","January"
"0x00599f44","0x0059a0b8","","DATA","February"
"0x00599f48","0x0059a0c4","","DATA","March"
"0x00599f4c","0x0059a0cc","","DATA","April"
"0x00599f5c","0x0059a0e4","","DATA","August"
"0x00599f60","0x0059a0ec","","DATA","September"
"0x00599f64","0x0059a0f8","","DATA","October"
"0x00599f68","0x0059a100","","DATA","November"
"0x00599f6c","0x0059a10c","","DATA","December"
"0x00599f78","0x0059a120","","DATA","MM/dd/yy"
"0x00599f7c","0x0059a12c","","DATA","dddd, MMMM dd, yyyy"
"0x00599f80","0x0059a140","","DATA","HH:mm:ss"
"0x00599fa8","0x0059a184","","DATA","Sunday"
"0x00599fac","0x0059a194","","DATA","Monday"
"0x00599fb0","0x0059a1a4","","DATA","Tuesday"
"0x00599fb4","0x0059a1b4","","DATA","Wednesday"
"0x00599fb8","0x0059a1c8","","DATA","Thursday"
"0x00599fbc","0x0059a1dc","","DATA","Friday"
"0x00599fc0","0x0059a1ec","","DATA","Saturday"
"0x00599ff4","0x0059a260","","DATA","January"
"0x00599ff8","0x0059a270","","DATA","February"
"0x00599ffc","0x0059a284","","DATA","March"
"0x0059a000","0x0059a290","","DATA","April"
"0x0059a008","0x0059a29c","","DATA","June"
"0x0059a00c","0x0059a2a8","","DATA","July"
"0x0059a010","0x0059a2b4","","DATA","August"
"0x0059a014","0x0059a2c4","","DATA","September"
"0x0059a018","0x0059a2d8","","DATA","October"
"0x0059a01c","0x0059a2e8","","DATA","November"
"0x0059a020","0x0059a2fc","","DATA","December"
"0x0059a02c","0x0059a320","","DATA","MM/dd/yy"
"0x0059a030","0x0059a334","","DATA","dddd, MMMM dd, yyyy"
"0x0059a034","0x0059a35c","","DATA","HH:mm:ss"
"0x0059a038","0x0059a370","","DATA","en-US"
"0x0059a3a0","0x0059a3c8","","DATA","NAN(SNAN)"
"0x0059a3b0","0x0059a3d4","","DATA","NAN(IND)"
"0x00558b65","0x0059a3e0","0x00558aad","DATA","e+000"
"0x0055e961","0x0059aa00","0x0055e92a","DATA","ja-JP"
"0x0059a9f0","0x0059aa00","","DATA","ja-JP"
"0x0055e95a","0x0059aa0c","0x0055e92a","DATA","zh-CN"
"0x0059a9f4","0x0059aa0c","","DATA","zh-CN"
"0x0055e953","0x0059aa18","0x0055e92a","DATA","ko-KR"
"0x0059a9f8","0x0059aa18","","DATA","ko-KR"
"0x0055e94c","0x0059aa24","0x0055e92a","DATA","zh-TW"
"0x0059a9fc","0x0059aa24","","DATA","zh-TW"
"0x0059aa30","0x0059ae58","","DATA","american"
"0x0059ad40","0x0059b604","","DATA","america"
"0x005611f4","0x0059b7c4","0x005611a0","DATA","utf8"
"0x0056151c","0x0059b7c4","0x0056134a","DATA","utf8"
"0x00561205","0x0059b7d8","0x005611a0","DATA","utf-8"
"0x00562590","0x0059d464","0x00562575","DATA","id-id"
"0x0059cca8","0x0059d464","","DATA","id-id"
"0x00562953","0x0059d870","0x0056281d","DATA","1#INF"
"0x00562930","0x0059d878","0x0056281d","DATA","1#QNAN"
"0x00562929","0x0059d880","0x0056281d","DATA","1#SNAN"
"0x00562922","0x0059d888","0x0056281d","DATA","1#IND"
"0x005667a2","0x005a27a0","0x0056675f","DATA","log10"
"0x0056680e","0x005a27a0","0x0056675f","DATA","log10"
"0x00566921","0x005a2fd0","0x00566913","DATA","CONOUT$"
