va,data_type,length,text
"0x0056c484","string",18,"Unknown exception"
"0x0056c4b0","string",21,"bad array new length"
"0x0056c4c8","string",16,"string too long"
"0x0056c51c","string",8,"generic"
"0x0056c540","string",7,"system"
"0x0056c548","string",14,"unknown error"
"0x0056c570","string",7,"exists"
"0x0056c578","string",61,"D:\cygwin\home\zun\prog\th20\src\core\filectrl.cpp:50 u_char"
"0x0056c5b8","string",62,"D:\cygwin\home\zun\prog\th20\src\core\filectrl.cpp:131 u_char"
"0x0056c5f8","string",17,"%s Decode ... 
"
"0x0056c60c","string",15,"%s Load ... 
"
"0x0056c61c","string",27,"error : %s is not found.
"
"0x0056c638","string",31,"error : %s allocation error.
"
"0x0056c658","string",28,"error : %s write error %s
"
"0x0056c674","string",25,"error : %s write error
"
"0x0056c690","string",15,"%s write ...
"
"0x0056c6a0","string",14,"%s open ...
"
"0x0056c6b0","string",22,"error : write error
"
"0x0056c6c8","string",12,"write ...
"
"0x0056c6d4","string",60,"D:\cygwin\home\zun\prog\th20\src\core\filectrl.cpp:496 void"
"0x0056c710","string",11,"Read ...
"
"0x0056c71c","string",12,"close ...
"
"0x0056c728","string",64,"D:\cygwin\home\zun\prog\th20\src\core\func.cpp:317 funcChainInf"
"0x0056c7be","string",18,"pAvector too long"
"0x0056c7e0","string",61,"D:\cygwin\home\zun\prog\th20\src\core\grpfont.cpp:615 u_char"
"0x0056c840","unicode",20,"Yu Mincho"
"0x0056c860","string",61,"D:\cygwin\home\zun\prog\th20\src\core\grpfont.cpp:920 AflDIB"
"0x0056c8bc","string",14,"list too long"
"0x0056c8e8","string",31,"C++/WinRT version:2.0.250303.1"
"0x0056c908","string",17,"create_directory"
"0x0056c930","string",24,"invalid string position"
"0x0056c953","string",53,"^ --------------------------------------------- 
"
"0x0056c9a8","string",9,"th20.cfg"
"0x0056c9b4","string",63,"D:\cygwin\home\zun\prog\th20\src\core\main.cpp:172 FuncCtrlInf"
"0x0056c9f4","string",63,"D:\cygwin\home\zun\prog\th20\src\core\main.cpp:173 SprtCtrlInf"
"0x0056ca34","string",8,"%d, %d
"
"0x0056ca74","string",8,"log.txt"
"0x0056ca7c","unicode",16,"APPDATA"
"0x0056ca8c","string",14,"ShanghaiAlice"
"0x0056caa4","string",7,"replay"
"0x0056caac","string",9,"snapshot"
"0x0056cabc","string",14,"th20_%.3d.png"
"0x0056cb0e","unicode",62," Fossilized Wonder. ver 1.00c"
"0x0056cb50","unicode",72,"TH20 - Fossilized Wonder. ver 1.00c"
"0x0056cb98","unicode",10,"BASE"
"0x0056cd0c","unicode",18,"th20 App"
"0x0056cd38","string",24,"Invalid window handle.
"
"0x0056ce04","string",8,"L_THUMB"
"0x0056ce0c","string",8,"R_THUMB"
"0x0056ce14","string",6,"START"
"0x0056ce28","string",7,"MouseL"
"0x0056ce30","string",7,"MouseR"
"0x0056ce3c","string",7,"MouseM"
"0x0056ce44","string",8,"MouseX1"
"0x0056ce4c","string",8,"MouseX2"
"0x0056ce58","string",10,"BackSpace"
"0x0056ce70","string",6,"Clear"
"0x0056ce78","string",6,"Enter"
"0x0056ce88","string",6,"Shift"
"0x0056ce9c","string",6,"Pause"
"0x0056cecc","string",6,"Convt"
"0x0056ced4","string",8,"NonConv"
"0x0056cee4","string",6,"Space"
"0x0056ceec","string",7,"PageUp"
"0x0056cef4","string",9,"PageDown"
"0x0056cf18","string",6,"Right"
"0x0056cf28","string",7,"Select"
"0x0056cf30","string",6,"Print"
"0x0056cf38","string",8,"Execute"
"0x0056cf40","string",9,"SnapShot"
"0x0056cf4c","string",7,"Insert"
"0x0056d010","string",6,"Sleep"
"0x0056d078","string",10,"Separator"
"0x0056d13c","string",8,"NumLock"
"0x0056d144","string",7,"Scroll"
"0x0056d29c","string",6,"COMMA"
"0x0056d2a4","string",6,"MINUS"
"0x0056d2ac","string",7,"PERIOD"
"0x0056d3cc","string",7,"OEM102"
"0x0056d4dc","string",21,"initialize InputInf
"
"0x0056d514","unicode",30,"\\.\root\cimv2"
"0x0056d534","unicode",32,"Win32_PNPEntity"
"0x0056d554","unicode",18,"DeviceID"
"0x0056d570","unicode",10,"VID_"
"0x0056d57c","unicode",16,"VID_%4X"
"0x0056d58c","unicode",10,"PID_"
"0x0056d598","unicode",16,"PID_%4X"
"0x0056d674","string",16,"start InputInf
"
"0x0056d684","string",19,"shutdown InputInf
"
"0x0056d698","string",59,"D:\cygwin\home\zun\prog\th20\src\core\pad.cpp:771 InputInf"
"0x0056d6d4","string",14,"Pad Num : %d
"
"0x0056d6e4","string",21,"DirectInput Release
"
"0x0056d6fc","string",26,"DirectInput(Pad) Release
"
"0x0056d718","string",28,"DirectInput Device Release
"
"0x0056d734","string",10,"Button %d"
"0x0056d750","string",22,"initialize ScreenInf
"
"0x0056d768","string",63,"D:\cygwin\home\zun\prog\th20\src\core\screen.cpp:580 ScreenInf"
"0x0056d7a8","string",20,"shutdown ScreenInf
"
"0x0056d7e0","string",14,"se_plst00.wav"
"0x0056d7f0","string",14,"se_enep00.wav"
"0x0056d800","string",16,"se_pldead00.wav"
"0x0056d810","string",14,"se_power0.wav"
"0x0056d820","string",14,"se_power1.wav"
"0x0056d830","string",13,"se_tan00.wav"
"0x0056d840","string",13,"se_tan01.wav"
"0x0056d850","string",13,"se_tan02.wav"
"0x0056d860","string",12,"se_ok00.wav"
"0x0056d86c","string",16,"se_cancel00.wav"
"0x0056d87c","string",16,"se_select00.wav"
"0x0056d88c","string",13,"se_gun00.wav"
"0x0056d89c","string",13,"se_cat00.wav"
"0x0056d8ac","string",15,"se_lazer00.wav"
"0x0056d8bc","string",15,"se_lazer01.wav"
"0x0056d8cc","string",14,"se_enep01.wav"
"0x0056d8dc","string",16,"se_damage00.wav"
"0x0056d8ec","string",14,"se_item00.wav"
"0x0056d8fc","string",14,"se_kira00.wav"
"0x0056d90c","string",14,"se_kira01.wav"
"0x0056d91c","string",14,"se_kira02.wav"
"0x0056d92c","string",15,"se_timeout.wav"
"0x0056d93c","string",13,"se_graze.wav"
"0x0056d94c","string",15,"se_powerup.wav"
"0x0056d95c","string",13,"se_pause.wav"
"0x0056d96c","string",15,"se_cardget.wav"
"0x0056d97c","string",16,"se_damage01.wav"
"0x0056d98c","string",16,"se_timeout2.wav"
"0x0056d99c","string",15,"se_invalid.wav"
"0x0056d9ac","string",13,"se_slash.wav"
"0x0056d9bc","string",12,"se_ch00.wav"
"0x0056d9c8","string",12,"se_ch01.wav"
"0x0056d9d4","string",14,"se_extend.wav"
"0x0056d9e4","string",13,"se_nep00.wav"
"0x0056d9f4","string",13,"se_bonus.wav"
"0x0056da04","string",14,"se_bonus2.wav"
"0x0056da14","string",14,"se_enep02.wav"
"0x0056da24","string",15,"se_lazer02.wav"
"0x0056da34","string",16,"se_nodamage.wav"
"0x0056da44","string",14,"se_boon00.wav"
"0x0056da54","string",13,"se_don00.wav"
"0x0056da64","string",14,"se_boon01.wav"
"0x0056da74","string",12,"se_ch02.wav"
"0x0056da80","string",12,"se_ch03.wav"
"0x0056da8c","string",15,"se_extend2.wav"
"0x0056da9c","string",13,"se_pin00.wav"
"0x0056daac","string",13,"se_pin01.wav"
"0x0056dabc","string",14,"se_lgods1.wav"
"0x0056dacc","string",14,"se_lgods2.wav"
"0x0056dadc","string",14,"se_lgods3.wav"
"0x0056daec","string",14,"se_lgods4.wav"
"0x0056dafc","string",16,"se_lgodsget.wav"
"0x0056db0c","string",11,"se_msl.wav"
"0x0056db18","string",12,"se_msl2.wav"
"0x0056db24","string",16,"se_pldead01.wav"
"0x0056db34","string",12,"se_heal.wav"
"0x0056db40","string",12,"se_msl3.wav"
"0x0056db4c","string",13,"se_fault.wav"
"0x0056db5c","string",13,"se_noise.wav"
"0x0056db6c","string",15,"se_etbreak.wav"
"0x0056db7c","string",13,"se_tan03.wav"
"0x0056db8c","string",12,"se_wolf.wav"
"0x0056db98","string",14,"se_bonus4.wav"
"0x0056dba8","string",11,"se_big.wav"
"0x0056dbb4","string",14,"se_item01.wav"
"0x0056dbc4","string",15,"se_release.wav"
"0x0056dbd4","string",18,"se_changeitem.wav"
"0x0056dbe8","string",14,"se_trophy.wav"
"0x0056dbf8","string",13,"se_warpl.wav"
"0x0056dc08","string",13,"se_warpr.wav"
"0x0056dc18","string",14,"se_notice.wav"
"0x0056dc28","string",30,"invalid array<T, N> subscript"
"0x0056dc48","string",66,"D:\cygwin\home\zun\prog\th20\src\core\sound.cpp:255 CSoundManager"
"0x0056dd3c","string",24,"Create Sound Buffer %s
"
"0x0056dd54","string",21,"Streming BGM Start
"
"0x0056ddb4","string",25,"Streming BGM Reopen %d
"
"0x0056ddd0","string",26,"Streming BGM PreLoad %d
"
"0x0056ddec","string",33,"error : bgmfile is not find %s
"
"0x0056de10","string",57,"D:\cygwin\home\zun\prog\th20\src\core\sound.cpp:653 char"
"0x0056de4c","string",26,"Streming BGM Load no %d
"
"0x0056de68","string",12,"load comp
"
"0x0056de74","string",20,"Streming BGM stop
"
"0x0056de88","string",26,"stop m_dwNotifyThreadID
"
"0x0056dea4","string",12,"stop comp
"
"0x0056deb0","string",24,"Sound : PreLoad Stage
"
"0x0056dec8","string",21,"Sound : Load Stage
"
"0x0056dee0","string",22,"Sound : Reset Stage
"
"0x0056def8","string",28,"Sound : Fill Buffer Stage
"
"0x0056df14","string",21,"Sound : Play Stage
"
"0x0056df2c","string",21,"Sound : Stop Stage
"
"0x0056df44","string",25,"Sound : Recreate Stage
"
"0x0056df60","string",23,"Sound : ReOpen Stage
"
"0x0056df78","string",28,"Sound : Thread Stop Stage
"
"0x0056df94","string",33,"Sound : Thread Stop Wait Stage
"
"0x0056dfb8","string",29,"Sound : Handle Close Stage
"
"0x0056dfd8","string",28,"Sound : Fade Out Stage %d
"
"0x0056dff4","string",8,"locked
"
"0x0056e034","string",19,"Sound Que Add %d
"
"0x0056e0a7","string",61,"?D:\cygwin\home\zun\prog\th20\src\core\sprtlib.h:911 void"
"0x0056e250","string",25,"error D3DXCreateTexture
"
"0x0056e270","string",70,"D:\cygwin\home\zun\prog\th20\src\core\sprtlib.cpp:905 SprtGroupTexInf"
"0x0056e2b8","string",66,"D:\cygwin\home\zun\prog\th20\src\core\sprtlib.cpp:906 SprtDataInf"
"0x0056e2fc","string",59,"D:\cygwin\home\zun\prog\th20\src\core\sprtlib.cpp:907 int*"
"0x0056e338","string",62,"D:\cygwin\home\zun\prog\th20\src\core\sprtlib.cpp:929 SprtInf"
"0x0056e378","string",20,"::preloadAnim : %s
"
"0x0056e3b0","string",67,"D:\cygwin\home\zun\prog\th20\src\core\sprtlib.cpp:950 SprtGroupInf"
"0x0056e3f4","string",28,"::preloadAnim already : %s
"
"0x0056e410","string",23,"::preloadAnimEnd : %s
"
"0x0056e4cc","string",21,"::postloadAnim : %d
"
"0x0056e4e4","string",22,"Error ::postload: %s
"
"0x0056e5bc","string",63,"D:\cygwin\home\zun\prog\th20\src\core\sprtlib.cpp:2888 SprtInf"
"0x0056e6a8","string",100,"0123456789abcdefghijklmnopqrstuvwxyz---------------------------------------------------------- 
"
"0x0056e750","string",62,"D:\cygwin\home\zun\prog\th20\src\core\zwave.cpp:119 CWaveFile"
"0x0056e790","string",70,"D:\cygwin\home\zun\prog\th20\src\core\zwave.cpp:154 DSBPOSITIONNOTIFY"
"0x0056e7d8","string",68,"D:\cygwin\home\zun\prog\th20\src\core\zwave.cpp:173 CStreamingSound"
"0x0056e81c","string",25,"StreamingSound Create 
"
"0x0056e838","string",62,"D:\cygwin\home\zun\prog\th20\src\core\zwave.cpp:209 CWaveFile"
"0x0056e878","string",70,"D:\cygwin\home\zun\prog\th20\src\core\zwave.cpp:237 DSBPOSITIONNOTIFY"
"0x0056e8c0","string",68,"D:\cygwin\home\zun\prog\th20\src\core\zwave.cpp:256 CStreamingSound"
"0x0056e904","string",11,"Success 
"
"0x0056e910","string",72,"D:\cygwin\home\zun\prog\th20\src\core\zwave.cpp:278 LPDIRECTSOUNDBUFFER"
"0x0056e958","string",72,"D:\cygwin\home\zun\prog\th20\src\core\zwave.cpp:322 LPDIRECTSOUNDBUFFER"
"0x0056e9a0","string",70,"D:\cygwin\home\zun\prog\th20\src\core\zwave.cpp:336 DSBPOSITIONNOTIFY"
"0x0056e9e8","string",13,"Stream Skip
"
"0x0056e9f8","string",56,"error : RestoreBuffer in HandleWaveStreamNotification
"
"0x0056ea30","string",62,"error : FillBufferWithSound in HandleWaveStreamNotification
"
"0x0056ea70","string",55,"error : Buffer->Lock in HandleWaveStreamNotification
"
"0x0056eaa8","string",60,"error : m_pWaveFile->Read in HandleWaveStreamNotification
"
"0x0056eae8","string",65,"error : m_pWaveFile->ResetFile in HandleWaveStreamNotification
"
"0x0056eb2c","string",63,"error : m_pWaveFile->Read(+) in HandleWaveStreamNotification
"
"0x0056eb70","string",78,"error : m_apDSBuffer[0]->GetCurrentPosition in HandleWaveStreamNotification
"
"0x0056ebc0","string",25,"Streaming File Open %s
"
"0x0056ebdc","string",8,"error!
"
"0x0056ebe4","string",10,"%s %d %d
"
"0x0056ebf0","string",24,"Streaming File Close 
"
"0x0056ec30","string",83,"D:\cygwin\home\zun\prog\th20\src\effect\effchargepoint.cpp:40 EffectChargePointInf"
"0x0056ec84","string",7,"effect"
"0x0056ecc0","string",78,"D:\cygwin\home\zun\prog\th20\src\effect\efffanspark.cpp:131 EffectFanSparkInf"
"0x0056ed38","string",75,"D:\cygwin\home\zun\prog\th20\src\effect\effline.cpp:70 EffectLineEffectInf"
"0x0056ed88","string",76,"D:\cygwin\home\zun\prog\th20\src\effect\effline.cpp:154 EffectLineEffectInf"
"0x0056edf8","string",80,"D:\cygwin\home\zun\prog\th20\src\effect\efflinespark.cpp:125 EffectLineSparkInf"
"0x0056ee68","string",82,"D:\cygwin\home\zun\prog\th20\src\effect\efflinespark2.cpp:135 EffectLineSpark2Inf"
"0x0056eed8","string",80,"D:\cygwin\home\zun\prog\th20\src\effect\efflinestone.cpp:139 EffectLineStoneInf"
"0x0056ef48","string",82,"D:\cygwin\home\zun\prog\th20\src\effect\efflinestone2.cpp:145 EffectLineStone2Inf"
"0x0056efb8","string",81,"D:\cygwin\home\zun\prog\th20\src\effect\effmenuwindow.cpp:93 EffectMenuWindowInf"
"0x0056f02c","string",6,"stone"
"0x0056f038","string",76,"D:\cygwin\home\zun\prog\th20\src\effect\effpyramid.cpp:379 EffectPyramidInf"
"0x0056f0b0","string",85,"D:\cygwin\home\zun\prog\th20\src\effect\effscreenswitch.cpp:37 EffectScreenSwitchInf"
"0x0056f138","string",85,"D:\cygwin\home\zun\prog\th20\src\effect\effshortline.cpp:60 EffectShortLineEffectInf"
"0x0056f1b0","string",87,"D:\cygwin\home\zun\prog\th20\src\effect\effshortline2.cpp:60 EffectShortLineEffect2Inf"
"0x0056f228","string",87,"D:\cygwin\home\zun\prog\th20\src\effect\effshortline3.cpp:83 EffectShortLineEffect3Inf"
"0x0056f2a0","string",90,"D:\cygwin\home\zun\prog\th20\src\effect\effstonegaugeline.cpp:130 EffectStoneGaugeLineInf"
"0x0056f580","string",9,"nan(ind)"
"0x0056f590","string",10,"nan(snan)"
"0x0056f59c","string",29,"invalid string_view position"
"0x0056f5cc","string",21,"initialize AsciiInf
"
"0x0056f5e4","string",10,"ascii.anm"
"0x0056f5f0","string",14,"ascii_960.anm"
"0x0056f600","string",14,"ascii1280.anm"
"0x0056f628","string",19,"shutdown AsciiInf
"
"0x0056f63c","string",61,"D:\cygwin\home\zun\prog\th20\src\game\ascii.cpp:111 AsciiInf"
"0x0056f6d0","string",68,"D:\cygwin\home\zun\prog\th20\src\game\ascii.cpp:1118 JapaneseStrInf"
"0x0056f718","string",68,"D:\cygwin\home\zun\prog\th20\src\game\ascii.cpp:1139 JapaneseStrInf"
"0x0056f818","string",26,"initialize BackGroundInf
"
"0x0056f86c","string",24,"shutdown BackGroundInf
"
"0x0056f888","string",71,"D:\cygwin\home\zun\prog\th20\src\game\background.cpp:136 BackGroundInf"
"0x0056f8d0","string",76,"D:\cygwin\home\zun\prog\th20\src\game\background.cpp:601 StageFileHeaderInf"
"0x0056f954","string",53,"D:\cygwin\home\zun\prog\th20\src\game\background.cpp"
"0x0056f990","string",72,"D:\cygwin\home\zun\prog\th20\src\game\background.cpp:1029 RenderMeshInf"
"0x0056f9d8","string",72,"D:\cygwin\home\zun\prog\th20\src\game\background.cpp:1031 RenderMeshInf"
"0x0056faa0","string",21,"initialize BombInf 
"
"0x0056fab8","string",19,"shutdown BombInf 
"
"0x0056facc","string",58,"D:\cygwin\home\zun\prog\th20\src\game\bomb.cpp:87 BombInf"
"0x0056fb30","string",74,"D:\cygwin\home\zun\prog\th20\src\game\bomb_marisaa.cpp:172 BombMarisaAInf"
"0x0056fbb0","string",72,"D:\cygwin\home\zun\prog\th20\src\game\bomb_reimua.cpp:295 BombReimuAInf"
"0x0056fc68","string",22,"initialize BulletInf
"
"0x0056fc80","string",11,"bullet.anm"
"0x0056fcc0","string",20,"shutdown BulletInf
"
"0x0056fcd4","string",63,"D:\cygwin\home\zun\prog\th20\src\game\bullet.cpp:666 BulletInf"
"0x0056fd14","string",7,"bullet"
"0x0056fd94","string",20,"initialize CardInf
"
"0x0056fda8","string",18,"shutdown CardInf
"
"0x0056fdbc","string",59,"D:\cygwin\home\zun\prog\th20\src\game\card.cpp:641 CardInf"
"0x0056fdfc","string",7,"MASTER"
"0x0056fe04","string",9,"%.2d/99+"
"0x0056fe10","string",10,"%.2d/%.2d"
"0x0056feb4","string",10,"MBossDead"
"0x0056fec0","string",9,"BossDead"
"0x0056fecc","string",16,"BossEscapeSpell"
"0x0056fedc","string",11,"MBossBDead"
"0x0056fee8","string",79,"D:\cygwin\home\zun\prog\th20\src\game\ecl.cpp:2387 EnemyDataInf::BossRenderInf"
"0x0056ff38","string",65,"D:\cygwin\home\zun\prog\th20\src\game\ecl.cpp:2395 RenderMeshInf"
"0x0056ffa0","string",22,"initialize EffectInf
"
"0x0056ffb8","string",11,"effect.anm"
"0x0056ffc4","string",17,"screenswitch.anm"
"0x0056ffd8","string",20,"shutdown EffectInf
"
"0x0056ffec","string",63,"D:\cygwin\home\zun\prog\th20\src\game\effect.cpp:213 EffectInf"
"0x0057002c","string",60,"D:\cygwin\home\zun\prog\th20\src\game\effect.cpp:430 SprtID"
"0x00570068","string",62,"D:\cygwin\home\zun\prog\th20\src\game\effect.cpp:431 SprtInf*"
"0x005700a8","string",65,"D:\cygwin\home\zun\prog\th20\src\game\effect.cpp:432 sprtVERTEXC"
"0x005700ec","string",61,"D:\cygwin\home\zun\prog\th20\src\game\effect.cpp:433 FVector"
"0x0057012c","string",10,"e00a0.msg"
"0x00570138","string",10,"e00a1.msg"
"0x00570144","string",10,"e00a2.msg"
"0x00570150","string",10,"e00a3.msg"
"0x0057015c","string",10,"e00a4.msg"
"0x00570168","string",10,"e00a5.msg"
"0x00570174","string",10,"e00a6.msg"
"0x00570180","string",10,"e00a7.msg"
"0x0057018c","string",10,"e01a0.msg"
"0x00570198","string",10,"e01a1.msg"
"0x005701a4","string",10,"e01a2.msg"
"0x005701b0","string",10,"e01a3.msg"
"0x005701bc","string",10,"e01a4.msg"
"0x005701c8","string",10,"e01a5.msg"
"0x005701d4","string",10,"e01a6.msg"
"0x005701e0","string",10,"e01a7.msg"
"0x005701ec","string",9,"e00b.msg"
"0x005701f8","string",9,"e01b.msg"
"0x00570204","string",11,"staff1.msg"
"0x00570210","string",11,"staff2.msg"
"0x0057021c","string",11,"staff3.msg"
"0x00570228","string",11,"staff4.msg"
"0x00570234","string",11,"staff5.msg"
"0x00570250","string",22,"initialize EndingInf
"
"0x00570268","string",66,"D:\cygwin\home\zun\prog\th20\src\game\ending.cpp:128 EndingMsgInf"
"0x005702ac","string",20,"shutdown EndingInf
"
"0x005702c0","string",63,"D:\cygwin\home\zun\prog\th20\src\game\ending.cpp:170 EndingInf"
"0x00570300","string",12,"bgm/th20_15"
"0x0057030c","string",12,"bgm/th20_14"
"0x00570404","string",25,"initialize EnemyCtrlInf
"
"0x00570420","string",60,"D:\cygwin\home\zun\prog\th20\src\game\enemy.cpp:69 EnemyInf"
"0x00570460","string",67,"D:\cygwin\home\zun\prog\th20\src\game\enemy.cpp:205 EclResourceInf"
"0x005704a4","string",14,"%s is skiped
"
"0x005704b4","string",15,"%s is skiped.
"
"0x005704c4","string",22,"%s was loaded in 1P.
"
"0x005704dc","string",23,"shutdown EnemyCtrlInf
"
"0x005704f8","string",65,"D:\cygwin\home\zun\prog\th20\src\game\enemy.cpp:420 EnemyCtrlInf"
"0x0057053c","string",25,"invalid vector subscript"
"0x005705b0","string",19,"initialize FPSInf
"
"0x005705c4","string",17,"shutdown FPSInf
"
"0x005705d8","string",56,"D:\cygwin\home\zun\prog\th20\src\game\fps.cpp:61 FPSInf"
"0x00570638","string",6,"front"
"0x00570640","string",21,"initialize FrontInf
"
"0x00570658","string",12,"fronttr.anm"
"0x00570664","string",14,"%s load Skip
"
"0x00570674","string",10,"front.anm"
"0x00570680","string",19,"shutdown FrontInf
"
"0x00570694","string",61,"D:\cygwin\home\zun\prog\th20\src\game\front.cpp:402 FrontInf"
"0x005706dc","string",6,"%.2ds"
"0x005706f8","string",60,"D:\cygwin\home\zun\prog\th20\src\game\front.cpp:1199 MsgInf"
"0x00570738","string",70,"                                                                     "
"0x00570b10","string",24,"initialize GameTaskInf
"
"0x00570b28","string",10,"st04b.std"
"0x00570b34","string",10,"st04d.std"
"0x00570b40","string",10,"st04c.std"
"0x00570b4c","string",10,"st04a.std"
"0x00570b58","string",22,"shutdown GameTaskInf
"
"0x00570b70","string",13," Goto Title
"
"0x00570b80","string",11," Continue
"
"0x00570b8c","string",59,"D:\cygwin\home\zun\prog\th20\src\game\game.cpp:594 GameInf"
"0x00570bd0","string",16,"StartSubThread
"
"0x00570bf0","string",20,"initialize HelpInf
"
"0x00570c0c","string",9,"help.anm"
"0x00570c18","string",18,"shutdown HelpInf
"
"0x00570c2c","string",58,"D:\cygwin\home\zun\prog\th20\src\game\help.cpp:86 HelpInf"
"0x00570c68","string",14,"help_%.2d.png"
"0x00570c94","string",23,"initialize HitCtrlInf
"
"0x00570cac","string",21,"shutdown HitCtrlInf
"
"0x00570cc4","string",60,"D:\cygwin\home\zun\prog\th20\src\game\hit.cpp:73 HitCtrlInf"
"0x00570d00","string",57,"D:\cygwin\home\zun\prog\th20\src\game\hit.cpp:605 HitInf"
"0x00570d4c","string",20,"initialize ItemInf
"
"0x00570d60","string",18,"shutdown ItemInf
"
"0x00570d74","string",59,"D:\cygwin\home\zun\prog\th20\src\game\item.cpp:113 ItemInf"
"0x00570db8","string",18,"deque<T> too long"
"0x00570ddc","string",25,"initialize KeyConfigInf
"
"0x00570df8","string",23,"shutdown KeyConfigInf
"
"0x00570e10","string",72,"D:\cygwin\home\zun\prog\th20\src\game\keyconfig.cpp:74 KeyConfigTaskInf"
"0x00570e58","string",9,"Keyboard"
"0x00570e64","string",8,"GamePad"
"0x00570e6c","string",18,"Controller Select"
"0x00570e80","string",13,"<%s> Setting"
"0x00570e90","string",15,"<%s%d> Setting"
"0x00570ea0","string",20,"KeyConfig ALL Reset"
"0x00570f1c","string",10,"Spellcard"
"0x00570f30","string",8,"Default"
"0x00571004","string",11,"Key Config"
"0x00571010","string",12,"DirectInput"
"0x0057101c","string",7,"XInput"
"0x00571024","string",9,"KeyBoard"
"0x005711d0","string",63,"D:\cygwin\home\zun\prog\th20\src\game\laser.h:315 LaserLineInf"
"0x005712a0","string",67,"D:\cygwin\home\zun\prog\th20\src\game\laser.h:468 CurveEquationInf"
"0x0057140c","string",21,"initialize LaserInf
"
"0x00571424","string",19,"shutdown LaserInf
"
"0x00571438","string",61,"D:\cygwin\home\zun\prog\th20\src\game\laser.cpp:163 LaserInf"
"0x00571478","string",65,"D:\cygwin\home\zun\prog\th20\src\game\laser.cpp:296 LaserLineInf"
"0x005714c0","string",69,"D:\cygwin\home\zun\prog\th20\src\game\laser.cpp:306 LaserInfiniteInf"
"0x00571508","string",65,"D:\cygwin\home\zun\prog\th20\src\game\laser.cpp:317 LaserBeamInf"
"0x00571550","string",66,"D:\cygwin\home\zun\prog\th20\src\game\laser.cpp:328 LaserCurveInf"
"0x00571598","string",68,"D:\cygwin\home\zun\prog\th20\src\game\laser.cpp:551 LaserHitDataInf"
"0x005715e0","string",69,"D:\cygwin\home\zun\prog\th20\src\game\laser.cpp:1730 LaserHitDataInf"
"0x00571628","string",65,"D:\cygwin\home\zun\prog\th20\src\game\laser.cpp:2597 sprtVERTEXC"
"0x00571670","string",70,"D:\cygwin\home\zun\prog\th20\src\game\laser.cpp:2599 LaserCurveVtxInf"
"0x005716b8","string",70,"D:\cygwin\home\zun\prog\th20\src\game\laser.cpp:2638 CurveEquationInf"
"0x00571700","string",69,"D:\cygwin\home\zun\prog\th20\src\game\laser.cpp:2719 LaserHitDataInf"
"0x00571748","string",60,"D:\cygwin\home\zun\prog\th20\src\game\laser.cpp:3617 u_char"
"0x005717a4","string",23,"initialize LoadingInf
"
"0x005717bc","string",14,"LoadThread 1
"
"0x005717cc","string",8,"sig.anm"
"0x005717d4","string",14,"LoadThread 2
"
"0x005717e4","string",9,"text.anm"
"0x005717f0","string",14,"LoadThread 3
"
"0x00571828","string",20,"../../bgm/thbgm.fmt"
"0x00571864","string",14,"LoadThread 5
"
"0x00571874","string",14,"LoadThread 6
"
"0x00571884","string",10,"thbgm.dat"
"0x00571890","string",14,"LoadThread 7
"
"0x005718a0","string",16,"loading finish
"
"0x005718b0","string",21,"shutdown LoadingInf
"
"0x005718c8","string",65,"D:\cygwin\home\zun\prog\th20\src\game\loading.cpp:239 LoadingInf"
"0x00571928","string",9,"th20.dat"
"0x00571934","string",16,"th20_%.4x%c.ver"
"0x0057199c","string",61,"D:\cygwin\home\zun\prog\th20\src\game\mother.cpp:233 SprtInf"
"0x005719dc","string",61,"D:\cygwin\home\zun\prog\th20\src\game\mother.cpp:234 SprtInf"
"0x00571a1c","string",61,"D:\cygwin\home\zun\prog\th20\src\game\mother.cpp:235 SprtInf"
"0x00571a5c","string",61,"D:\cygwin\home\zun\prog\th20\src\game\mother.cpp:236 SprtInf"
"0x00571a9c","string",61,"D:\cygwin\home\zun\prog\th20\src\game\mother.cpp:237 SprtInf"
"0x00571adc","string",20,"shutdown MotherInf
"
"0x00571af0","string",21,"VertexBuffer delete
"
"0x00571b08","string",12,"Sound Stop
"
"0x00571b14","string",6,"dummy"
"0x00571b1c","string",14,"SnapShot! %s
"
"0x00571b44","string",58,"D:\cygwin\home\zun\prog\th20\src\game\mother.cpp:424 BYTE"
"0x00571b80","string",24,"error : snapShotScreen
"
"0x00571b98","unicode",20,"image/png"
"0x00571bb0","string",77,"D:\cygwin\home\zun\prog\th20\src\game\mother.cpp:483 Gdiplus::ImageCodecInfo"
"0x00571c00","string",64,"D:\cygwin\home\zun\prog\th20\src\game\mother.cpp:501 BITMAPINFO"
"0x00571e48","string",20,"SyncCloseSubThread
"
"0x00571e5c","string",20,"RenderOffet %f, %f
"
"0x00571e70","string",17,"scene %d -> %d
"
"0x00571e84","string",23,"error SetRenderTarget
"
"0x00571eb4","string",22,"initialize NoticeInf
"
"0x00571ecc","string",7,"notice"
"0x00571ed4","string",10,"no notice"
"0x00571f50","string",11,"notice.anm"
"0x00571f94","string",20,"shutdown NoticeInf
"
"0x00571fa8","string",63,"D:\cygwin\home\zun\prog\th20\src\game\notice.cpp:154 NoticeInf"
"0x00571fe8","string",16,"notice_%.2d.png"
"0x00572084","string",7,"SetVol"
"0x0057209c","string",22,"initialize OptionInf
"
"0x005720b4","string",20,"shutdown OptionInf
"
"0x005720c8","string",66,"D:\cygwin\home\zun\prog\th20\src\game\option.cpp:60 OptionTaskInf"
"0x0057210c","string",7,"Screen"
"0x00572114","string",8,"BGM Vol"
"0x0057211c","string",7,"SE Vol"
"0x0057224c","string",7,"Option"
"0x00572254","string",7,"Window"
"0x0057225c","string",11,"FullScreen"
"0x00572268","string",14,"BorderlessDBD"
"0x00572278","string",11,"Borderless"
"0x00572318","string",92,"ABCDEFGHIJKLMNOPQRSTUVWXYZabcdefghijklmnopqrstuvwxyz0123456789+-=.,!?@:;[]()_/{}|~^#$%&*   "
"0x00572374","string",7,"Reimu "
"0x0057237c","string",8,"Marisa"
"0x0057239c","string",8,"Red    "
"0x005723a4","string",8,"Red2   "
"0x005723ac","string",8,"Blue   "
"0x005723b4","string",8,"Blue2  "
"0x005723bc","string",8,"Yellow "
"0x005723c4","string",8,"Yellow2"
"0x005723cc","string",8,"Green  "
"0x005723d4","string",8,"Green2 "
"0x005723dc","string",8,"Easy   "
"0x005723e4","string",8,"Normal "
"0x005723ec","string",8,"Hard   "
"0x005723f4","string",8,"Lunatic"
"0x005723fc","string",8,"Extra  "
"0x00572404","string",8,"O.D.   "
"0x00572424","string",8,"test   "
"0x0057242c","string",8,"Stage 1"
"0x00572434","string",8,"Stage 2"
"0x0057243c","string",8,"Stage 3"
"0x00572444","string",8,"Stage 4"
"0x0057244c","string",8,"Stage 5"
"0x00572454","string",8,"Stage 6"
"0x0057245c","string",8,"Clear  "
"0x00572464","string",8,"ExClear"
"0x00572494","string",8,"UnPause"
"0x005724ac","string",9,"        "
"0x005724b8","string",21,"initialize PauseInf
"
"0x005724d0","string",19,"shutdown PauseInf
"
"0x005724e4","string",61,"D:\cygwin\home\zun\prog\th20\src\game\pause.cpp:238 PauseInf"
"0x00572528","string",35,"No.%.2d %s %.2d/%.2d/%.2d %s %s %s"
"0x0057254c","string",36,"No.%.2d %s %.2d/%.2d/%.2d %s Sp %3d"
"0x00572570","string",40,"No.%.2d -------- --/--/-- ------ -- St-"
"0x00572598","string",28,"            Score Ranking!!"
"0x005725b4","string",33,"%2d %s %9llu%d %.2d/%.2d/%.2d %s"
"0x005725d8","string",32,"%2d %s %9llu%d --/--/-- Stage -"
"0x005725f8","string",10,"Credit %d"
"0x00572628","string",9,"th128_08"
"0x00572634","string",14,"th20_%.2d.rpy"
"0x0057267c","string",9,"bad cast"
"0x00572698","string",16,"bad locale name"
"0x005726a8","string",6,"false"
"0x0057295c","string",6,"0e+00"
"0x00572bb8","string",22,"initialize PlayerInf
"
"0x00572bd0","string",9,"pl00.sht"
"0x00572bdc","string",12,"pl{:02}.anm"
"0x00572be8","string",12,"pl{:02}.sht"
"0x00572bf4","string",20,"shutdown PlayerInf
"
"0x00572c08","string",63,"D:\cygwin\home\zun\prog\th20\src\game\player.cpp:313 PlayerInf"
"0x00572cac","string",32,"Unmatched '}' in format string."
"0x00572ccc","string",23,"Invalid format string."
"0x00572ce4","string",26,"Unknown format specifier."
"0x00572d00","string",30,"Missing '}' in format string."
"0x00572d20","string",44,"Invalid encoded character in format string."
"0x00572d4c","string",49,"Can not switch from manual to automatic indexing"
"0x00572d80","string",18,"Number is too big"
"0x00572d94","string",20,"Argument not found."
"0x00572da8","string",28,"Invalid type specification."
"0x00572dc4","string",36,"Invalid presentation type specifier"
"0x00572de8","string",35,"Invalid presentation type for bool"
"0x00572e0c","string",35,"Invalid presentation type for char"
"0x00572e30","string",38,"Invalid presentation type for integer"
"0x00572e58","string",45,"Invalid presentation type for floating-point"
"0x00572e88","string",37,"Invalid presentation type for string"
"0x00572eb0","string",38,"Invalid presentation type for pointer"
"0x00572ed8","string",60,"Hash/sign modifier requires an arithmetic presentation type"
"0x00572f18","string",66,"Zero modifier requires an arithmetic or pointer presentation type"
"0x00572f5c","string",27,"invalid fill character '{'"
"0x00572f78","string",29,"Missing precision specifier."
"0x00572fbc","string",24,"String pointer is null."
"0x00572fd4","string",49,"Can not switch from automatic to manual indexing"
"0x00573008","string",34,"integral cannot be stored in char"
"0x0057302c","string",25,"Invalid fill (too long)."
"0x00573048","string",55,"Format specifier requires numeric or pointer argument."
"0x00573080","string",44,"Format specifier requires numeric argument."
"0x005730bc","string",46,"Precision not allowed for this argument type."
"0x005730ec","string",19,"Number is too big."
"0x00573100","string",25,"Width is not an integer."
"0x0057311c","string",16,"Negative width."
"0x0057312c","string",29,"Precision is not an integer."
"0x0057314c","string",20,"Negative precision."
"0x00573284","string",62,"D:\cygwin\home\zun\prog\th20\src\game\plyshot.cpp:184 ShotInf"
"0x005732f0","string",68,"D:\cygwin\home\zun\prog\th20\src\game\replay.h:140 ReplayRecDataInf"
"0x00573338","string",72,"D:\cygwin\home\zun\prog\th20\src\game\replay.cpp:48 ReplayFileHeaderInf"
"0x00573380","string",72,"D:\cygwin\home\zun\prog\th20\src\game\replay.cpp:54 ReplayDataHeaderInf"
"0x005733c8","string",77,"D:\cygwin\home\zun\prog\th20\src\game\replay.cpp:55 ReplayStageDataHeaderInf"
"0x00573418","string",15,"RandomSeed %d
"
"0x00573428","string",63,"D:\cygwin\home\zun\prog\th20\src\game\replay.cpp:169 ReplayInf"
"0x00573468","string",63,"D:\cygwin\home\zun\prog\th20\src\game\replay.cpp:188 ReplayInf"
"0x005734ac","string",58,"D:\cygwin\home\zun\prog\th20\src\game\replay.cpp:530 void"
"0x005734e8","string",58,"D:\cygwin\home\zun\prog\th20\src\game\replay.cpp:585 char"
"0x0057354c","string",6,"1.00c"
"0x00573554","string",13,"Version %s
"
"0x00573564","string",10,"Name %s
"
"0x00573570","string",32,"Date %.2d/%.2d/%.2d %.2d:%.2d
"
"0x00573590","string",11,"Chara %s
"
"0x0057359c","string",10,"Rank %s
"
"0x005735a8","string",20,"Extra Stage Clear
"
"0x005735bc","string",18,"Stage All Clear
"
"0x005735d0","string",14,"Extra Stage
"
"0x005735e0","string",11,"Stage %d
"
"0x00573600","string",13,"Score %llu
"
"0x00573610","string",18,"Slow Rate %2.2f
"
"0x00573670","string",72,"D:\cygwin\home\zun\prog\th20\src\game\replay.cpp:708 ReplayFrameDataInf"
"0x005736b8","string",78,"D:\cygwin\home\zun\prog\th20\src\game\replay.cpp:818 ReplayStageDataHeaderInf"
"0x0057370f","string",13,"C--------"
"0x0057371c","string",17,"scoreth20bak.dat"
"0x00573730","string",14,"scoreth20.dat"
"0x00573740","string",22,"Score.LoadThread end
"
"0x00573758","string",22,"Score.SaveThread end
"
"0x00573770","string",61,"D:\cygwin\home\zun\prog\th20\src\game\score.cpp:118 ScoreInf"
"0x005737b0","string",16,"Init ScoreFile
"
"0x005737c0","string",71,"D:\cygwin\home\zun\prog\th20\src\game\score.cpp:175 ScoreFileHeaderInf"
"0x00573848","string",66,"D:\cygwin\home\zun\prog\th20\src\game\score.cpp:201 ScoreChunkInf"
"0x0057388c","string",28,"error ScoreFile Data Error
"
"0x005738a8","string",57,"D:\cygwin\home\zun\prog\th20\src\game\score.cpp:252 char"
"0x00573960","string",26,"initialize SmallScoreInf
"
"0x0057397c","string",24,"shutdown SmallScoreInf
"
"0x00573998","string",70,"D:\cygwin\home\zun\prog\th20\src\game\smallscore.cpp:57 SmallScoreInf"
"0x005739e0","string",11,"BONUS %.1f"
"0x005739ec","string",9,"NO BONUS"
"0x005739fc","string",9,"st01.std"
"0x00573a08","string",9,"st00.ecl"
"0x00573a14","string",8,"th20_02"
"0x00573a1c","string",10,"st01a.msg"
"0x00573a28","string",10,"st01b.msg"
"0x00573a34","string",10,"st01c.msg"
"0x00573a40","string",10,"st01d.msg"
"0x00573a4c","string",13,"st01logo.anm"
"0x00573a5c","string",9,"st01.ecl"
"0x00573a68","string",8,"th20_03"
"0x00573a70","string",11,"st01r0.msg"
"0x00573a7c","string",11,"st01r1.msg"
"0x00573a88","string",11,"st01r2.msg"
"0x00573a94","string",11,"st01r3.msg"
"0x00573aa0","string",11,"st01m0.msg"
"0x00573aac","string",11,"st01m1.msg"
"0x00573ab8","string",11,"st01m2.msg"
"0x00573ac4","string",11,"st01m3.msg"
"0x00573ad0","string",9,"st02.std"
"0x00573adc","string",9,"st02.ecl"
"0x00573ae8","string",8,"th20_04"
"0x00573af0","string",8,"th20_05"
"0x00573af8","string",11,"st02r0.msg"
"0x00573b04","string",11,"st02r1.msg"
"0x00573b10","string",11,"st02r2.msg"
"0x00573b1c","string",11,"st02r3.msg"
"0x00573b28","string",11,"st02m0.msg"
"0x00573b34","string",11,"st02m1.msg"
"0x00573b40","string",11,"st02m2.msg"
"0x00573b4c","string",11,"st02m3.msg"
"0x00573b58","string",13,"st02logo.anm"
"0x00573b68","string",9,"st03.std"
"0x00573b74","string",9,"st03.ecl"
"0x00573b80","string",8,"th20_06"
"0x00573b88","string",8,"th20_07"
"0x00573b90","string",11,"st03r0.msg"
"0x00573b9c","string",11,"st03r1.msg"
"0x00573ba8","string",11,"st03r2.msg"
"0x00573bb4","string",11,"st03r3.msg"
"0x00573bc0","string",11,"st03m0.msg"
"0x00573bcc","string",11,"st03m1.msg"
"0x00573bd8","string",11,"st03m2.msg"
"0x00573be4","string",11,"st03m3.msg"
"0x00573bf0","string",13,"st03logo.anm"
"0x00573c00","string",9,"st04.std"
"0x00573c0c","string",9,"st04.ecl"
"0x00573c18","string",8,"th20_08"
"0x00573c20","string",8,"th20_09"
"0x00573c28","string",11,"st04r0.msg"
"0x00573c34","string",11,"st04r1.msg"
"0x00573c40","string",11,"st04r2.msg"
"0x00573c4c","string",11,"st04r3.msg"
"0x00573c58","string",11,"st04m0.msg"
"0x00573c64","string",11,"st04m1.msg"
"0x00573c70","string",11,"st04m2.msg"
"0x00573c7c","string",11,"st04m3.msg"
"0x00573c88","string",13,"st04logo.anm"
"0x00573c98","string",9,"st05.std"
"0x00573ca4","string",9,"st05.ecl"
"0x00573cb0","string",8,"th20_10"
"0x00573cb8","string",8,"th20_11"
"0x00573cc0","string",11,"st05r0.msg"
"0x00573ccc","string",11,"st05r1.msg"
"0x00573cd8","string",11,"st05r2.msg"
"0x00573ce4","string",11,"st05r3.msg"
"0x00573cf0","string",11,"st05m0.msg"
"0x00573cfc","string",11,"st05m1.msg"
"0x00573d08","string",11,"st05m2.msg"
"0x00573d14","string",11,"st05m3.msg"
"0x00573d20","string",13,"st05logo.anm"
"0x00573d30","string",9,"st06.std"
"0x00573d3c","string",9,"st06.ecl"
"0x00573d48","string",8,"th20_13"
"0x00573d50","string",8,"th20_12"
"0x00573d58","string",11,"st06r0.msg"
"0x00573d64","string",11,"st06r1.msg"
"0x00573d70","string",11,"st06r2.msg"
"0x00573d7c","string",11,"st06r3.msg"
"0x00573d88","string",11,"st06m0.msg"
"0x00573d94","string",11,"st06m1.msg"
"0x00573da0","string",11,"st06m2.msg"
"0x00573dac","string",11,"st06m3.msg"
"0x00573db8","string",13,"st06logo.anm"
"0x00573dc8","string",9,"st07.std"
"0x00573dd4","string",9,"st07.ecl"
"0x00573de0","string",8,"th20_17"
"0x00573de8","string",8,"th20_18"
"0x00573df0","string",11,"st07r0.msg"
"0x00573dfc","string",11,"st07r1.msg"
"0x00573e08","string",11,"st07r2.msg"
"0x00573e14","string",11,"st07r3.msg"
"0x00573e20","string",11,"st07r4.msg"
"0x00573e2c","string",11,"st07r5.msg"
"0x00573e38","string",11,"st07r6.msg"
"0x00573e44","string",11,"st07r7.msg"
"0x00573e50","string",11,"st07m0.msg"
"0x00573e5c","string",11,"st07m1.msg"
"0x00573e68","string",11,"st07m2.msg"
"0x00573e74","string",11,"st07m3.msg"
"0x00573e80","string",11,"st07m4.msg"
"0x00573e8c","string",11,"st07m5.msg"
"0x00573e98","string",11,"st07m6.msg"
"0x00573ea4","string",11,"st07m7.msg"
"0x00573eb0","string",13,"st07logo.anm"
"0x00573ed0","string",26,"initialize StageClearInf
"
"0x00573eec","string",24,"shutdown StageClearInf
"
"0x00573f08","string",70,"D:\cygwin\home\zun\prog\th20\src\game\stageclear.cpp:89 StageClearInf"
"0x00574040","string",7,"StoneR"
"0x00574048","string",7,"StoneB"
"0x00574050","string",7,"StoneY"
"0x00574058","string",7,"StoneG"
"0x00574060","string",20,"StoneAttackLevel_R1"
"0x00574074","string",20,"StoneAttackLevel_R2"
"0x00574088","string",20,"StoneAttackLevel_R3"
"0x0057409c","string",20,"StoneAttackLevel_R4"
"0x005740b0","string",20,"StoneAttackLevel_R5"
"0x005740c4","string",20,"StoneAttackLevel_B1"
"0x005740d8","string",20,"StoneAttackLevel_B2"
"0x005740ec","string",20,"StoneAttackLevel_B3"
"0x00574100","string",20,"StoneAttackLevel_B4"
"0x00574114","string",20,"StoneAttackLevel_B5"
"0x00574128","string",20,"StoneAttackLevel_Y1"
"0x0057413c","string",20,"StoneAttackLevel_Y2"
"0x00574150","string",20,"StoneAttackLevel_Y3"
"0x00574164","string",20,"StoneAttackLevel_Y4"
"0x00574178","string",20,"StoneAttackLevel_Y5"
"0x0057418c","string",20,"StoneAttackLevel_G1"
"0x005741a0","string",20,"StoneAttackLevel_G2"
"0x005741b4","string",20,"StoneAttackLevel_G3"
"0x005741c8","string",20,"StoneAttackLevel_G4"
"0x005741dc","string",20,"StoneAttackLevel_G5"
"0x005741f0","string",74,"D:\cygwin\home\zun\prog\th20\src\game\stoneenemy.cpp:67 StoneEnemyCtrlInf"
"0x00574240","string",70,"D:\cygwin\home\zun\prog\th20\src\game\stoneenemy.cpp:76 StoneEnemyInf"
"0x00574288","string",23,"Wonder Stone Appeared!"
"0x005742a0","string",7,"Level "
"0x005742a8","string",6,"enemy"
"0x005745c4","string",15,"REIMU_MAIN_RED"
"0x005745d4","string",16,"REIMU_WIDE_RED"
"0x005745e4","string",20,"REIMU_NARROW_RED"
"0x005745f8","string",16,"REIMU_SUB_RED"
"0x00574608","string",16,"REIMU_MAIN_RED2"
"0x00574618","string",16,"REIMU_WIDE_RED2"
"0x00574628","string",20,"REIMU_NARROW_RED2"
"0x0057463c","string",16,"REIMU_SUB_RED2"
"0x0057464c","string",16,"REIMU_MAIN_BLUE"
"0x0057465c","string",16,"REIMU_WIDE_BLUE"
"0x0057466c","string",20,"REIMU_NARROW_BLUE"
"0x00574680","string",16,"REIMU_SUB_BLUE"
"0x00574690","string",20,"REIMU_MAIN_BLUE2"
"0x005746a4","string",20,"REIMU_WIDE_BLUE2"
"0x005746b8","string",20,"REIMU_NARROW_BLUE2"
"0x005746cc","string",16,"REIMU_SUB_BLUE2"
"0x005746dc","string",20,"REIMU_MAIN_YELLOW"
"0x005746f0","string",20,"REIMU_WIDE_YELLOW"
"0x00574704","string",20,"REIMU_NARROW_YELLOW"
"0x00574718","string",20,"REIMU_SUB_YELLOW"
"0x0057472c","string",20,"REIMU_MAIN_YELLOW2"
"0x00574740","string",20,"REIMU_WIDE_YELLOW2"
"0x00574754","string",24,"REIMU_NARROW_YELLOW2"
"0x0057476c","string",20,"REIMU_SUB_YELLOW2"
"0x00574780","string",20,"REIMU_MAIN_GREEN"
"0x00574794","string",20,"REIMU_WIDE_GREEN"
"0x005747a8","string",20,"REIMU_NARROW_GREEN"
"0x005747bc","string",16,"REIMU_SUB_GREEN"
"0x005747cc","string",20,"REIMU_MAIN_GREEN2"
"0x005747e0","string",20,"REIMU_WIDE_GREEN2"
"0x005747f4","string",20,"REIMU_NARROW_GREEN2"
"0x00574808","string",20,"REIMU_SUB_GREEN2"
"0x0057481c","string",20,"REIMU_MAIN_COMMON"
"0x00574830","string",20,"REIMU_WIDE_COMMON"
"0x00574844","string",20,"REIMU_NARROW_COMMON"
"0x00574858","string",20,"REIMU_SUB_COMMON"
"0x0057486c","string",16,"MARISA_MAIN_RED"
"0x0057487c","string",16,"MARISA_WIDE_RED"
"0x0057488c","string",20,"MARISA_NARROW_RED"
"0x005748a0","string",16,"MARISA_SUB_RED"
"0x005748b0","string",20,"MARISA_MAIN_RED2"
"0x005748c4","string",20,"MARISA_WIDE_RED2"
"0x005748d8","string",20,"MARISA_NARROW_RED2"
"0x005748ec","string",16,"MARISA_SUB_RED2"
"0x005748fc","string",20,"MARISA_MAIN_BLUE"
"0x00574910","string",20,"MARISA_WIDE_BLUE"
"0x00574924","string",20,"MARISA_NARROW_BLUE"
"0x00574938","string",16,"MARISA_SUB_BLUE"
"0x00574948","string",20,"MARISA_MAIN_BLUE2"
"0x0057495c","string",20,"MARISA_WIDE_BLUE2"
"0x00574970","string",20,"MARISA_NARROW_BLUE2"
"0x00574984","string",20,"MARISA_SUB_BLUE2"
"0x00574998","string",20,"MARISA_MAIN_YELLOW"
"0x005749ac","string",20,"MARISA_WIDE_YELLOW"
"0x005749c0","string",24,"MARISA_NARROW_YELLOW"
"0x005749d8","string",20,"MARISA_SUB_YELLOW"
"0x005749ec","string",20,"MARISA_MAIN_YELLOW2"
"0x00574a00","string",20,"MARISA_WIDE_YELLOW2"
"0x00574a14","string",24,"MARISA_NARROW_YELLOW2"
"0x00574a2c","string",20,"MARISA_SUB_YELLOW2"
"0x00574a40","string",20,"MARISA_MAIN_GREEN"
"0x00574a54","string",20,"MARISA_WIDE_GREEN"
"0x00574a68","string",20,"MARISA_NARROW_GREEN"
"0x00574a7c","string",20,"MARISA_SUB_GREEN"
"0x00574a90","string",20,"MARISA_MAIN_GREEN2"
"0x00574aa4","string",20,"MARISA_WIDE_GREEN2"
"0x00574ab8","string",24,"MARISA_NARROW_GREEN2"
"0x00574ad0","string",20,"MARISA_SUB_GREEN2"
"0x00574ae4","string",20,"MARISA_MAIN_COMMON"
"0x00574af8","string",20,"MARISA_WIDE_COMMON"
"0x00574b0c","string",24,"MARISA_NARROW_COMMON"
"0x00574b24","string",20,"MARISA_SUB_COMMON"
"0x00574b38","string",20,"REIMU_MAIN_RED_EX"
"0x00574b4c","string",20,"REIMU_MAIN_RED2_EX"
"0x00574b60","string",20,"REIMU_MAIN_BLUE_EX"
"0x00574b74","string",20,"REIMU_MAIN_BLUE2_EX"
"0x00574b88","string",24,"REIMU_MAIN_YELLOW_EX"
"0x00574ba0","string",24,"REIMU_MAIN_YELLOW2_EX"
"0x00574bb8","string",20,"REIMU_MAIN_GREEN_EX"
"0x00574bcc","string",24,"REIMU_MAIN_GREEN2_EX"
"0x00574be4","string",20,"MARISA_MAIN_RED_EX"
"0x00574bf8","string",20,"MARISA_MAIN_RED2_EX"
"0x00574c0c","string",20,"MARISA_MAIN_BLUE_EX"
"0x00574c20","string",24,"MARISA_MAIN_BLUE2_EX"
"0x00574c38","string",24,"MARISA_MAIN_YELLOW_EX"
"0x00574c50","string",24,"MARISA_MAIN_YELLOW2_EX"
"0x00574c68","string",24,"MARISA_MAIN_GREEN_EX"
"0x00574c80","string",24,"MARISA_MAIN_GREEN2_EX"
"0x00574cb4","string",9,"iostream"
"0x00574cc0","string",22,"iostream stream error"
"0x00574d2c","string",21,"ios_base::badbit set"
"0x00574d44","string",22,"ios_base::failbit set"
"0x00574d5c","string",21,"ios_base::eofbit set"
"0x00574e2c","string",25,"initialize StoneMenuInf
"
"0x00574e48","string",10,"stone.anm"
"0x00574e54","string",14,"stonetext.txt"
"0x00574e64","string",23,"shitdown StoneMenuInf
"
"0x00574e80","string",69,"D:\cygwin\home\zun\prog\th20\src\game\stonemenu.cpp:302 StoneMenuInf"
"0x00574fcc","string",21,"initialize TitleInf
"
"0x00574fe4","string",6,"title"
"0x00574fec","string",10,"title.anm"
"0x00574ff8","string",12,"title_v.anm"
"0x00575004","string",19,"shutdown TitleInf
"
"0x00575018","string",61,"D:\cygwin\home\zun\prog\th20\src\game\title.cpp:219 TitleInf"
"0x00575058","string",15,"demo/demo1.rpy"
"0x00575068","string",15,"demo/demo2.rpy"
"0x00575078","string",15,"demo/demo3.rpy"
"0x00575088","string",15,"demo/demo4.rpy"
"0x00575098","string",8,"th20_01"
"0x005750c8","string",11,"Game Start"
"0x005750d4","string",12,"Extra Start"
"0x005750e0","string",9,"Practice"
"0x005750ec","string",15,"Spell Practice"
"0x005750fc","string",7,"Replay"
"0x00575104","string",12,"Player Data"
"0x00575110","string",11,"Music Room"
"0x0057511c","string",7,"Manual"
"0x00575124","string",10,"---------"
"0x00575130","string",6,"%.7d0"
"0x00575138","string",16,"th20_ud????.rpy"
"0x00575148","string",56,"No.%.2d %s %.2d/%.2d/%.2d %.2d:%.2d %s %s %s %s %2.1f%%"
"0x00575180","string",65,"No.%.2d -------- --/--/-- --:-- ------ ------- ------- --- ---%%"
"0x005751c4","string",54,"%s  %s %.2d/%.2d/%.2d %.2d:%.2d %s %s %s%s %s %2.1f%%"
"0x005751fc","string",63,"User  -------- --/--/-- --:-- ------ ------- ------- --- ---%%"
"0x0057523c","string",62,"No.%.2d %s %.2d/%.2d/%.2d %.2d:%.2d %s %s SpellPr %3d %2.1f%%"
"0x0057527c","string",14,"%s  ---------"
"0x0057528c","string",12,"%s  %8llu%d"
"0x005752c8","string",56,"%2d  %s  %9llu%d  %.4d/%.2d/%.2d %.2d:%.2d  %s  %2.1f%%"
"0x00575300","string",51,"%2d  %s  %9llu%d  ----/--/-- --:--  Stage -  ---%%"
"0x00575338","string",15,"No.%s%s%s   %s"
"0x00575348","string",8,"%4d/%4d"
"0x00575388","string",8,"    %5d"
"0x00575390","string",20,"%3lld:%.2lld:%.2lld"
"0x005753a8","string",53,"No.%.2d %s %.2d/%.2d/%.2d %.2d:%.2d %s %s %s %2.1f%%"
"0x005753e0","string",13,"musiccmt.txt"
"0x00575528","string",12," No.%3d  %s"
"0x0057557c","string",22,"SCORE %8llu0  %4d/%4d"
"0x00575594","string",25,"GAME MODE        %4d/%4d"
"0x005755b0","string",27,"SCORE        00  ----/----"
"0x00575610","string",67,"D:\cygwin\home\zun\prog\th20\src\game\title.cpp:5302 RenderMeshInf"
"0x005756a4","string",22,"invalid stoi argument"
"0x005756bc","string",27,"stoi argument out of range"
"0x005756e8","string",22,"initialize TrophyInf
"
"0x00575700","string",11,"trophy.anm"
"0x0057570c","string",20,"shutdown TrophyInf
"
"0x00575720","string",65,"D:\cygwin\home\zun\prog\th20\src\game\trophy.cpp:92 TrophyMsgInf"
"0x00575764","string",11,"trophy.txt"
"0x00575770","string",63,"D:\cygwin\home\zun\prog\th20\src\game\trophy.cpp:181 TrophyInf"
"0x005757c4","string",7,"trophy"
"0x00575908","string",74,"D:\cygwin\home\zun\prog\th20\src\game\weaponblue.cpp:39 StoneBlueReimuInf"
"0x005759d0","string",76,"D:\cygwin\home\zun\prog\th20\src\game\weaponblue2.cpp:51 StoneBlueReimu2Inf"
"0x00575aa0","string",79,"D:\cygwin\home\zun\prog\th20\src\game\weaponblue2_m.cpp:52 StoneBlueMarisa2Inf"
"0x00575b70","string",77,"D:\cygwin\home\zun\prog\th20\src\game\weaponblue_m.cpp:39 StoneBlueMarisaInf"
"0x00575c40","string",76,"D:\cygwin\home\zun\prog\th20\src\game\weapongreen.cpp:59 StoneGreenReimuInf"
"0x00575d08","string",78,"D:\cygwin\home\zun\prog\th20\src\game\weapongreen2.cpp:73 StoneGreenReimu2Inf"
"0x00575dd8","string",81,"D:\cygwin\home\zun\prog\th20\src\game\weapongreen2_m.cpp:72 StoneGreenMarisa2Inf"
"0x00575ea8","string",79,"D:\cygwin\home\zun\prog\th20\src\game\weapongreen_m.cpp:59 StoneGreenMarisaInf"
"0x00575f78","string",72,"D:\cygwin\home\zun\prog\th20\src\game\weaponred.cpp:42 StoneRedReimuInf"
"0x00576040","string",74,"D:\cygwin\home\zun\prog\th20\src\game\weaponred2.cpp:35 StoneRedReimu2Inf"
"0x00576108","string",77,"D:\cygwin\home\zun\prog\th20\src\game\weaponred2_m.cpp:36 StoneRedMarisa2Inf"
"0x005761d8","string",75,"D:\cygwin\home\zun\prog\th20\src\game\weaponred_m.cpp:37 StoneRedMarisaInf"
"0x00576234","string",27,"initialize WeaponStoneInf
"
"0x00576250","string",9,"aura.anm"
"0x0057625c","string",25,"shitdown WeaponStoneInf
"
"0x00576278","string",73,"D:\cygwin\home\zun\prog\th20\src\game\weaponstone.cpp:256 WeaponStoneInf"
"0x005762d0","string",72,"D:\cygwin\home\zun\prog\th20\src\game\weaponstone.cpp:482 RenderMeshInf"
"0x00576318","string",72,"D:\cygwin\home\zun\prog\th20\src\game\weaponstone.cpp:652 RenderMeshInf"
"0x005763e0","string",78,"D:\cygwin\home\zun\prog\th20\src\game\weaponyellow.cpp:71 StoneYellowReimuInf"
"0x005764b0","string",80,"D:\cygwin\home\zun\prog\th20\src\game\weaponyellow2.cpp:81 StoneYellowReimu2Inf"
"0x005765d0","string",83,"D:\cygwin\home\zun\prog\th20\src\game\weaponyellow2_m.cpp:81 StoneYellowMarisa2Inf"
"0x005766f8","string",81,"D:\cygwin\home\zun\prog\th20\src\game\weaponyellow_m.cpp:72 StoneYellowMarisaInf"
"0x00576798","string",56,"D:\cygwin\home\zun\prog\th20\src\pack\File.cpp:162 void"
"0x005767ec","string",59,"D:\cygwin\home\zun\prog\th20\src\pack\LzssUtil.cpp:57 BYTE"
"0x00576828","string",60,"D:\cygwin\home\zun\prog\th20\src\pack\LzssUtil.cpp:202 BYTE"
"0x00576864","string",30,"info : CurrentDirectory %s 
"
"0x00576884","string",25,"info : %s open arcfile
"
"0x005768a0","string",59,"D:\cygwin\home\zun\prog\th20\src\pack\_ArcMngr.cpp:78 File"
"0x005768dc","string",22,"info : %s not found
"
"0x005768f4","string",26,"info : %s close arcfile
"
"0x00576910","string",60,"D:\cygwin\home\zun\prog\th20\src\pack\_ArcMngr.cpp:173 BYTE"
"0x0057694c","string",18,"info : %s error
"
"0x00576960","string",60,"D:\cygwin\home\zun\prog\th20\src\pack\_ArcMngr.cpp:344 void"
"0x005769a0","string",68,"D:\cygwin\home\zun\prog\th20\src\pack\_ArcMngr.cpp:385 ARCFILE_INFO"
"0x005769e4","string",60,"D:\cygwin\home\zun\prog\th20\src\pack\_ArcMngr.cpp:422 char"
"0x00576a40","string",67,"D:\cygwin\home\zun\prog\th20\src\script\sptcmd.cpp:1013 SptBaseInf"
"0x00576a88","string",77,"D:\cygwin\home\zun\prog\th20\src\script\sptcmd.cpp:1014 LinkInf<SptBaseInf*>"
"0x00576ad8","string",33,"error : Spt FileHeader ID error
"
"0x00576afc","string",38,"error : Spt FileHeader Version error
"
"0x00576b24","string",19,"Script stack over
"
"0x00576c38","unicode",66,"api-ms-win-core-synch-l1-2-0.dll"
"0x00576c7c","string",14,"WaitOnAddress"
"0x00576c8c","string",20,"WakeByAddressSingle"
"0x00576ca0","string",17,"WakeByAddressAll"
"0x00576cec","string",24,"device or resource busy"
"0x00576d04","string",17,"invalid argument"
"0x00576d18","string",16,"no such process"
"0x00576d28","string",18,"not enough memory"
"0x00576d3c","string",24,"operation not permitted"
"0x00576d54","string",30,"resource deadlock would occur"
"0x00576d74","string",31,"resource unavailable try again"
"0x00576d94","string",15,"bad allocation"
"0x00576db0","string",20,"bad function call"
"0x00576ef8","unicode",44,"!x-sys-default-locale"
"0x00577440","string",8,"success"
"0x00577448","string",29,"address family not supported"
"0x00577468","string",16,"address in use"
"0x00577478","string",24,"address not available"
"0x00577490","string",20,"already connected"
"0x005774a4","string",24,"argument list too long"
"0x005774bc","string",24,"argument out of domain"
"0x005774d4","string",12,"bad address"
"0x005774e0","string",20,"bad file descriptor"
"0x005774f4","string",12,"bad message"
"0x00577500","string",12,"broken pipe"
"0x0057750c","string",20,"connection aborted"
"0x00577520","string",32,"connection already in progress"
"0x00577540","string",20,"connection refused"
"0x00577554","string",20,"connection reset"
"0x00577568","string",20,"cross device link"
"0x0057757c","string",32,"destination address required"
"0x0057759c","string",20,"directory not empty"
"0x005775b0","string",24,"executable format error"
"0x005775c8","string",12,"file exists"
"0x005775d4","string",16,"file too large"
"0x005775e4","string",20,"filename too long"
"0x005775f8","string",24,"function not supported"
"0x00577610","string",20,"host unreachable"
"0x00577624","string",20,"identifier removed"
"0x00577638","string",24,"illegal byte sequence"
"0x00577650","string",36,"inappropriate io control operation"
"0x00577674","string",12,"interrupted"
"0x00577680","string",16,"invalid seek"
"0x00577690","string",12,"io error"
"0x0057769c","string",16,"is a directory"
"0x005776ac","string",16,"message size"
"0x005776bc","string",16,"network down"
"0x005776cc","string",16,"network reset"
"0x005776dc","string",20,"network unreachable"
"0x005776f0","string",16,"no buffer space"
"0x00577700","string",20,"no child process"
"0x00577714","string",8,"no link"
"0x0057771c","string",20,"no lock available"
"0x00577730","string",24,"no message available"
"0x00577748","string",12,"no message"
"0x00577754","string",20,"no protocol option"
"0x00577768","string",20,"no space on device"
"0x0057777c","string",20,"no stream resources"
"0x00577790","string",28,"no such device or address"
"0x005777ac","string",16,"no such device"
"0x005777bc","string",28,"no such file or directory"
"0x005777d8","string",16,"not a directory"
"0x005777e8","string",16,"not a socket"
"0x005777f8","string",16,"not a stream"
"0x00577808","string",16,"not connected"
"0x00577818","string",16,"not supported"
"0x00577828","string",20,"operation canceled"
"0x0057783c","string",24,"operation in progress"
"0x00577854","string",24,"operation not supported"
"0x0057786c","string",24,"operation would block"
"0x00577884","string",12,"owner dead"
"0x00577890","string",20,"permission denied"
"0x005778a4","string",16,"protocol error"
"0x005778b4","string",24,"protocol not supported"
"0x005778cc","string",24,"read only file system"
"0x005778e4","string",20,"result out of range"
"0x005778f8","string",24,"state not recoverable"
"0x00577910","string",16,"stream timeout"
"0x00577920","string",16,"text file busy"
"0x00577930","string",12,"timed out"
"0x0057793c","string",32,"too many files open in system"
"0x0057795c","string",20,"too many files open"
"0x00577970","string",16,"too many links"
"0x00577980","string",32,"too many symbolic link levels"
"0x005779a0","string",16,"value too large"
"0x005779b0","string",20,"wrong protocol type"
"0x005779c4","string",14,"unknown error"
"0x005779d4","unicode",26,"kernel32.dll"
"0x005779f0","string",14,"GetTempPath2W"
"0x00597010","string",28,"invalid random_device value"
"0x0059702c","string",31,"GetSystemTimePreciseAsFileTime"
"0x00597080","string",40,"0123456789abcdefghijklmnopqrstuvwxyz"
"0x005970d0","string",40,"0123456789abcdefghijklmnopqrstuvwxyz"
"0x00597190","string",14,"bad exception"
"0x00597528","string",12,"__based("
"0x00597534","string",8,"__cdecl"
"0x0059753c","string",12,"__stdcall"
"0x00597548","string",12,"__thiscall"
"0x00597554","string",12,"__fastcall"
"0x00597560","string",16,"__vectorcall"
"0x00597570","string",16,"__preserve_none"
"0x00597580","string",12,"__clrcall"
"0x00597594","string",12,"__swift_1"
"0x005975a0","string",12,"__swift_2"
"0x005975ac","string",12,"__swift_3"
"0x005975c0","string",12,"__restrict"
"0x005975cc","string",12,"__unaligned"
"0x005975d8","string",12,"restrict("
"0x005975ec","string",8," delete"
"0x00597610","string",12,"operator"
"0x00597684","string",12,"`vftable'"
"0x00597690","string",12,"`vbtable'"
"0x005976b0","string",24,"`local static guard'"
"0x005976c8","string",12,"`string'"
"0x005976d4","string",20,"`vbase destructor'"
"0x005976e8","string",32,"`vector deleting destructor'"
"0x00597708","string",32,"`default constructor closure'"
"0x00597728","string",32,"`scalar deleting destructor'"
"0x00597748","string",32,"`vector constructor iterator'"
"0x00597768","string",32,"`vector destructor iterator'"
"0x00597788","string",36,"`vector vbase constructor iterator'"
"0x005977ac","string",28,"`virtual displacement map'"
"0x005977c8","string",36,"`eh vector constructor iterator'"
"0x005977ec","string",32,"`eh vector destructor iterator'"
"0x0059780c","string",40,"`eh vector vbase constructor iterator'"
"0x00597834","string",28,"`copy constructor closure'"
"0x00597850","string",16,"`udt returning'"
"0x0059786c","string",16,"`local vftable'"
"0x0059787c","string",36,"`local vftable constructor closure'"
"0x005978a8","string",12," delete[]"
"0x005978b4","string",16,"`omni callsig'"
"0x005978c4","string",28,"`placement delete closure'"
"0x005978e0","string",32,"`placement delete[] closure'"
"0x00597900","string",40,"`managed vector constructor iterator'"
"0x00597928","string",40,"`managed vector destructor iterator'"
"0x00597950","string",40,"`eh vector copy constructor iterator'"
"0x00597978","string",44,"`eh vector vbase copy constructor iterator'"
"0x005979a4","string",28,"`dynamic initializer for '"
"0x005979c0","string",36,"`dynamic atexit destructor for '"
"0x005979e4","string",36,"`vector copy constructor iterator'"
"0x00597a08","string",44,"`vector vbase copy constructor iterator'"
"0x00597a34","string",44,"`managed vector copy constructor iterator'"
"0x00597a60","string",28,"`local static thread guard'"
"0x00597a7c","string",16,"operator """" "
"0x00597a8c","string",20,"operator co_await"
"0x00597aa0","string",12,"operator<=>"
"0x00597aac","string",20," Type Descriptor'"
"0x00597ac0","string",28," Base Class Descriptor at ("
"0x00597adc","string",20," Base Class Array'"
"0x00597af0","string",32," Class Hierarchy Descriptor'"
"0x00597b10","string",28," Complete Object Locator'"
"0x00597b2c","string",24,"`anonymous namespace'"
"0x00597b50","unicode",60,"api-ms-win-core-fibers-l1-1-1"
"0x00597b8c","unicode",58,"api-ms-win-core-synch-l1-2-0"
"0x00597bc8","unicode",18,"kernel32"
"0x00597bdc","unicode",16,"api-ms-"
"0x00597bf4","string",9,"FlsAlloc"
"0x00597c08","string",8,"FlsFree"
"0x00597c18","string",12,"FlsGetValue"
"0x00597c2c","string",12,"FlsSetValue"
"0x00597c40","string",28,"InitializeCriticalSectionEx"
"0x00597d60","unicode",14,"(null)"
"0x00597d70","string",7,"(null)"
"0x00598740","unicode",100,"minkernel\crts\ucrt\inc\corecrt_internal_strtox.h"
"0x005987a8","unicode",92,"__crt_strtox::floating_point_value::as_double"
"0x00598804","unicode",22,"_is_double"
"0x00598820","unicode",90,"__crt_strtox::floating_point_value::as_float"
"0x0059887c","unicode",24,"!_is_double"
"0x00598920","unicode",12,"INITY"
"0x0059892c","unicode",12,"inity"
"0x0059894a","unicode",10,"NAN)"
"0x00598956","unicode",10,"nan)"
"0x005993e4","unicode",24,"mscoree.dll"
"0x005993fc","string",15,"CorExitProcess"
"0x00599584","string",6,"log10"
"0x005995e0","string",8,"floor"
"0x00599634","string",12,"_nextafter"
"0x00599718","unicode",24,"LC_COLLATE"
"0x00599730","unicode",18,"LC_CTYPE"
"0x00599744","unicode",24,"LC_MONETARY"
"0x0059975c","unicode",22,"LC_NUMERIC"
"0x00599774","unicode",16,"LC_TIME"
"0x00599810","unicode",64,"api-ms-win-core-datetime-l1-1-1"
"0x00599850","unicode",60,"api-ms-win-core-fibers-l1-1-2"
"0x0059988c","unicode",56,"api-ms-win-core-file-l1-2-4"
"0x005998c4","unicode",56,"api-ms-win-core-file-l1-2-2"
"0x005998fc","unicode",56,"api-ms-win-core-file-l2-1-4"
"0x00599938","unicode",72,"api-ms-win-core-localization-l1-2-1"
"0x00599980","unicode",90,"api-ms-win-core-localization-obsolete-l1-2-0"
"0x005999e0","unicode",76,"api-ms-win-core-processthreads-l1-1-2"
"0x00599a2c","unicode",60,"api-ms-win-core-string-l1-1-0"
"0x00599a68","unicode",62,"api-ms-win-core-sysinfo-l1-2-1"
"0x00599aa8","unicode",58,"api-ms-win-core-winrt-l1-1-0"
"0x00599ae4","unicode",60,"api-ms-win-core-xstate-l2-1-0"
"0x00599b20","unicode",78,"api-ms-win-rtcore-ntuser-window-l1-1-0"
"0x00599b70","unicode",86,"api-ms-win-security-systemfunctions-l1-1-0"
"0x00599bc8","unicode",70,"ext-ms-win-ntuser-dialogbox-l1-1-0"
"0x00599c10","unicode",78,"ext-ms-win-ntuser-windowstation-l1-1-0"
"0x00599c60","unicode",18,"advapi32"
"0x00599c74","unicode",22,"kernelbase"
"0x00599c8c","unicode",12,"ntdll"
"0x00599c98","unicode",70,"api-ms-win-appmodel-runtime-l1-1-2"
"0x00599ce0","unicode",14,"user32"
"0x00599cf0","unicode",16,"ext-ms-"
"0x00599d04","string",16,"AreFileApisANSI"
"0x00599d1c","string",16,"CompareStringEx"
"0x00599d34","string",20,"EnumSystemLocalesEx"
"0x00599d50","string",13,"FlsGetValue2"
"0x00599d68","string",16,"GetDateFormatEx"
"0x00599d80","string",16,"GetLocaleInfoEx"
"0x00599d98","string",16,"GetTimeFormatEx"
"0x00599db0","string",25,"GetUserDefaultLocaleName"
"0x00599dd4","string",18,"IsValidLocaleName"
"0x00599df0","string",14,"LCMapStringEx"
"0x00599e08","string",17,"LCIDToLocaleName"
"0x00599e24","string",17,"LocaleNameToLCID"
"0x00599e3c","string",13,"RoInitialize"
"0x00599e50","string",15,"RoUninitialize"
"0x00599e64","string",37,"AppPolicyGetProcessTerminationMethod"
"0x00599e90","string",37,"AppPolicyGetThreadInitializationType"
"0x00599ec0","string",18,"SystemFunction036"
"0x0059a03c","string",7,"Sunday"
"0x0059a044","string",7,"Monday"
"0x0059a04c","string",8,"Tuesday"
"0x0059a054","string",10,"Wednesday"
"0x0059a060","string",9,"Thursday"
"0x0059a06c","string",7,"Friday"
"0x0059a074","string",9,"Saturday"
"0x0059a0b0","string",8,"January"
"0x0059a0b8","string",9,"February"
"0x0059a0c4","string",6,"March"
"0x0059a0cc","string",6,"April"
"0x0059a0e4","string",7,"August"
"0x0059a0ec","string",10,"September"
"0x0059a0f8","string",8,"October"
"0x0059a100","string",9,"November"
"0x0059a10c","string",9,"December"
"0x0059a120","string",9,"MM/dd/yy"
"0x0059a12c","string",20,"dddd, MMMM dd, yyyy"
"0x0059a140","string",9,"HH:mm:ss"
"0x0059a184","unicode",14,"Sunday"
"0x0059a194","unicode",14,"Monday"
"0x0059a1a4","unicode",16,"Tuesday"
"0x0059a1b4","unicode",20,"Wednesday"
"0x0059a1c8","unicode",18,"Thursday"
"0x0059a1dc","unicode",14,"Friday"
"0x0059a1ec","unicode",18,"Saturday"
"0x0059a260","unicode",16,"January"
"0x0059a270","unicode",18,"February"
"0x0059a284","unicode",12,"March"
"0x0059a290","unicode",12,"April"
"0x0059a29c","unicode",10,"June"
"0x0059a2a8","unicode",10,"July"
"0x0059a2b4","unicode",14,"August"
"0x0059a2c4","unicode",20,"September"
"0x0059a2d8","unicode",16,"October"
"0x0059a2e8","unicode",18,"November"
"0x0059a2fc","unicode",18,"December"
"0x0059a320","unicode",18,"MM/dd/yy"
"0x0059a334","unicode",40,"dddd, MMMM dd, yyyy"
"0x0059a35c","unicode",18,"HH:mm:ss"
"0x0059a370","unicode",12,"en-US"
"0x0059a3c8","string",10,"NAN(SNAN)"
"0x0059a3d4","string",9,"NAN(IND)"
"0x0059a3e0","string",6,"e+000"
"0x0059aa00","unicode",12,"ja-JP"
"0x0059aa0c","unicode",12,"zh-CN"
"0x0059aa18","unicode",12,"ko-KR"
"0x0059aa24","unicode",12,"zh-TW"
"0x0059ae58","unicode",18,"american"
"0x0059ae6c","unicode",36,"american english"
"0x0059ae90","unicode",36,"american-english"
"0x0059aeb4","unicode",24,"australian"
"0x0059aecc","unicode",16,"belgian"
"0x0059aedc","unicode",20,"canadian"
"0x0059af00","unicode",16,"chinese"
"0x0059af10","unicode",36,"chinese-hongkong"
"0x0059af34","unicode",40,"chinese-simplified"
"0x0059af5c","unicode",36,"chinese-singapore"
"0x0059af80","unicode",40,"chinese-traditional"
"0x0059afa8","unicode",28,"dutch-belgian"
"0x0059afc4","unicode",36,"english-american"
"0x0059afe8","unicode",24,"english-aus"
"0x0059b000","unicode",32,"english-belize"
"0x0059b020","unicode",24,"english-can"
"0x0059b038","unicode",36,"english-caribbean"
"0x0059b05c","unicode",24,"english-ire"
"0x0059b074","unicode",32,"english-jamaica"
"0x0059b094","unicode",24,"english-nz"
"0x0059b0ac","unicode",44,"english-south africa"
"0x0059b0d8","unicode",52,"english-trinidad y tobago"
"0x0059b10c","unicode",24,"english-uk"
"0x0059b124","unicode",24,"english-us"
"0x0059b13c","unicode",24,"english-usa"
"0x0059b154","unicode",32,"french-belgian"
"0x0059b174","unicode",32,"french-canadian"
"0x0059b194","unicode",36,"french-luxembourg"
"0x0059b1b8","unicode",28,"french-swiss"
"0x0059b1d4","unicode",32,"german-austrian"
"0x0059b1f4","unicode",40,"german-lichtenstein"
"0x0059b21c","unicode",36,"german-luxembourg"
"0x0059b240","unicode",28,"german-swiss"
"0x0059b25c","unicode",28,"irish-english"
"0x0059b278","unicode",28,"italian-swiss"
"0x0059b294","unicode",20,"norwegian"
"0x0059b2a8","unicode",36,"norwegian-bokmal"
"0x0059b2cc","unicode",36,"norwegian-nynorsk"
"0x0059b2f0","unicode",44,"portuguese-brazilian"
"0x0059b31c","unicode",36,"spanish-argentina"
"0x0059b340","unicode",32,"spanish-bolivia"
"0x0059b360","unicode",28,"spanish-chile"
"0x0059b37c","unicode",36,"spanish-colombia"
"0x0059b3a0","unicode",40,"spanish-costa rica"
"0x0059b3c8","unicode",56,"spanish-dominican republic"
"0x0059b400","unicode",32,"spanish-ecuador"
"0x0059b420","unicode",40,"spanish-el salvador"
"0x0059b448","unicode",36,"spanish-guatemala"
"0x0059b46c","unicode",36,"spanish-honduras"
"0x0059b490","unicode",32,"spanish-mexican"
"0x0059b4b0","unicode",32,"spanish-modern"
"0x0059b4d0","unicode",36,"spanish-nicaragua"
"0x0059b4f4","unicode",32,"spanish-panama"
"0x0059b514","unicode",36,"spanish-paraguay"
"0x0059b538","unicode",28,"spanish-peru"
"0x0059b554","unicode",40,"spanish-puerto rico"
"0x0059b57c","unicode",32,"spanish-uruguay"
"0x0059b59c","unicode",36,"spanish-venezuela"
"0x0059b5c0","unicode",32,"swedish-finland"
"0x0059b5e0","unicode",12,"swiss"
"0x0059b604","unicode",16,"america"
"0x0059b614","unicode",16,"britain"
"0x0059b624","unicode",12,"china"
"0x0059b63c","unicode",16,"england"
"0x0059b64c","unicode",28,"great britain"
"0x0059b668","unicode",16,"holland"
"0x0059b678","unicode",20,"hong-kong"
"0x0059b68c","unicode",24,"new-zealand"
"0x0059b6ac","unicode",20,"pr china"
"0x0059b6c0","unicode",20,"pr-china"
"0x0059b6d4","unicode",24,"puerto-rico"
"0x0059b6fc","unicode",28,"south africa"
"0x0059b718","unicode",24,"south korea"
"0x0059b730","unicode",28,"south-africa"
"0x0059b74c","unicode",24,"south-korea"
"0x0059b764","unicode",36,"trinidad & tobago"
"0x0059b788","unicode",32,"united-kingdom"
"0x0059b7a8","unicode",28,"united-states"
"0x0059b7c4","unicode",10,"utf8"
"0x0059b7d8","unicode",12,"utf-8"
"0x0059c16c","unicode",12,"de-DE"
"0x0059c28c","unicode",12,"sl-SI"
"0x0059c358","unicode",12,"hi-IN"
"0x0059c3d0","unicode",12,"bn-IN"
"0x0059c3dc","unicode",12,"pa-IN"
"0x0059c3f4","unicode",12,"ta-IN"
"0x0059c400","unicode",12,"te-IN"
"0x0059c40c","unicode",12,"kn-IN"
"0x0059c430","unicode",12,"sa-IN"
"0x0059c4c4","unicode",12,"de-CH"
"0x0059c524","unicode",24,"sr-SP-Latn"
"0x0059c560","unicode",12,"se-SE"
"0x0059c5b8","unicode",12,"de-AT"
"0x0059c5e8","unicode",24,"sr-SP-Cyrl"
"0x0059c658","unicode",12,"fr-CH"
"0x0059c698","unicode",12,"de-LI"
"0x0059c6c8","unicode",24,"bs-BA-Latn"
"0x0059c720","unicode",24,"sr-BA-Latn"
"0x0059d154","unicode",12,"bn-in"
"0x0059d160","unicode",24,"bs-ba-latn"
"0x0059d1a8","unicode",12,"de-at"
"0x0059d1b4","unicode",12,"de-ch"
"0x0059d1c0","unicode",12,"de-de"
"0x0059d1cc","unicode",12,"de-li"
"0x0059d3d4","unicode",12,"fr-ch"
"0x0059d428","unicode",12,"hi-in"
"0x0059d464","unicode",12,"id-id"
"0x0059d4b8","unicode",12,"kn-in"
"0x0059d5a0","unicode",12,"pa-in"
"0x0059d618","unicode",12,"sa-in"
"0x0059d63c","unicode",12,"se-se"
"0x0059d654","unicode",12,"sl-si"
"0x0059d6e4","unicode",24,"sr-ba-latn"
"0x0059d6fc","unicode",24,"sr-sp-cyrl"
"0x0059d714","unicode",24,"sr-sp-latn"
"0x0059d760","unicode",12,"ta-in"
"0x0059d76c","unicode",12,"te-in"
"0x0059d870","string",6,"1#INF"
"0x0059d878","string",7,"1#QNAN"
"0x0059d880","string",7,"1#SNAN"
"0x0059d888","string",6,"1#IND"
"0x005a27a0","string",6,"log10"
"0x005a2fd0","unicode",16,"CONOUT$"
"0x005a9010","string",8,".rdata"
"0x005a9034","string",16,".rdata$sxdata"
"0x005a904c","string",16,".rdata$voltmd"
"0x005a9130","string",8,".data"
"0x005a9174","string",12,".fptable"
"0x005acbbe","TerminatedCString",6,"Sleep"
"0x005acbc6","TerminatedCString",12,"CreateFileW"
"0x005acbd4","TerminatedCString",12,"GetFileSize"
"0x005acbe2","TerminatedCString",9,"ReadFile"
"0x005acbee","TerminatedCString",15,"SetFilePointer"
"0x005acc00","TerminatedCString",10,"WriteFile"
"0x005acc0c","TerminatedCString",12,"CloseHandle"
"0x005acc1a","TerminatedCString",13,"GetLastError"
"0x005acc2a","TerminatedCString",10,"LocalFree"
"0x005acc36","TerminatedCString",15,"FormatMessageW"
"0x005acc48","TerminatedCString",20,"MultiByteToWideChar"
"0x005acc5e","TerminatedCString",24,"GetEnvironmentVariableW"
"0x005acc78","TerminatedCString",24,"QueryPerformanceCounter"
"0x005acc92","TerminatedCString",26,"QueryPerformanceFrequency"
"0x005accae","TerminatedCString",13,"CreateMutexW"
"0x005accbe","TerminatedCString",16,"GetStartupInfoW"
"0x005accd0","TerminatedCString",19,"GetModuleFileNameW"
"0x005acce6","TerminatedCString",20,"WideCharToMultiByte"
"0x005accfc","TerminatedCString",19,"GetUserDefaultLCID"
"0x005acd12","TerminatedCString",17,"GetConsoleTitleW"
"0x005acd26","TerminatedCString",20,"WaitForSingleObject"
"0x005acd3c","TerminatedCString",13,"CreateEventW"
"0x005acd4c","TerminatedCString",13,"CreateThread"
"0x005acd5c","TerminatedCString",10,"FindClose"
"0x005acd68","TerminatedCString",15,"FindFirstFileW"
"0x005acd7a","TerminatedCString",14,"FindNextFileW"
"0x005acd8a","TerminatedCString",21,"GetCurrentDirectoryW"
"0x005acda0","TerminatedCString",13,"KERNEL32.dll"
"0x005acdb0","TerminatedCString",6,"GetDC"
"0x005acdb8","TerminatedCString",10,"ReleaseDC"
"0x005acdc4","TerminatedCString",17,"TranslateMessage"
"0x005acdd8","TerminatedCString",17,"DispatchMessageW"
"0x005acdec","TerminatedCString",13,"PeekMessageW"
"0x005acdfc","TerminatedCString",13,"SendMessageW"
"0x005ace0c","TerminatedCString",15,"DefWindowProcW"
"0x005ace1e","TerminatedCString",15,"RegisterClassW"
"0x005ace30","TerminatedCString",16,"CreateWindowExW"
"0x005ace42","TerminatedCString",9,"IsWindow"
"0x005ace4e","TerminatedCString",14,"DestroyWindow"
"0x005ace5e","TerminatedCString",11,"ShowWindow"
"0x005ace6c","TerminatedCString",13,"SetWindowPos"
"0x005ace7c","TerminatedCString",19,"CreateDialogParamW"
"0x005ace92","TerminatedCString",11,"GetDlgItem"
"0x005acea0","TerminatedCString",17,"CheckRadioButton"
"0x005aceb4","TerminatedCString",19,"IsDlgButtonChecked"
"0x005aceca","TerminatedCString",12,"GetKeyState"
"0x005aced8","TerminatedCString",13,"EnableWindow"
"0x005acee8","TerminatedCString",17,"GetSystemMetrics"
"0x005acefc","TerminatedCString",13,"UpdateWindow"
"0x005acf0c","TerminatedCString",20,"SetForegroundWindow"
"0x005acf22","TerminatedCString",11,"BeginPaint"
"0x005acf30","TerminatedCString",9,"EndPaint"
"0x005acf3c","TerminatedCString",15,"InvalidateRect"
"0x005acf4e","TerminatedCString",14,"GetWindowRect"
"0x005acf5e","TerminatedCString",19,"AdjustWindowRectEx"
"0x005acf74","TerminatedCString",11,"ShowCursor"
"0x005acf82","TerminatedCString",10,"SetCursor"
"0x005acf8e","TerminatedCString",9,"FillRect"
"0x005acf9a","TerminatedCString",15,"SetWindowLongW"
"0x005acfac","TerminatedCString",12,"LoadCursorW"
"0x005acfba","TerminatedCString",17,"IsDialogMessageW"
"0x005acfce","TerminatedCString",21,"EnumDisplaySettingsW"
"0x005acfe6","TerminatedCString",22,"SystemParametersInfoW"
"0x005acffe","TerminatedCString",16,"GetRawInputData"
"0x005ad010","TerminatedCString",24,"RegisterRawInputDevices"
"0x005ad02a","TerminatedCString",16,"WINNLSEnableIME"
"0x005ad03c","TerminatedCString",17,"GetKeyboardState"
"0x005ad050","TerminatedCString",17,"SetKeyboardState"
"0x005ad064","TerminatedCString",19,"PostThreadMessageW"
"0x005ad07a","TerminatedCString",26,"MsgWaitForMultipleObjects"
"0x005ad096","TerminatedCString",9,"SetTimer"
"0x005ad0a2","TerminatedCString",10,"KillTimer"
"0x005ad0ae","TerminatedCString",12,"MessageBoxW"
"0x005ad0ba","TerminatedCString",11,"USER32.dll"
"0x005ad0c8","TerminatedCString",19,"CreateCompatibleDC"
"0x005ad0de","TerminatedCString",12,"CreateFontW"
"0x005ad0ec","TerminatedCString",9,"DeleteDC"
"0x005ad0f8","TerminatedCString",13,"DeleteObject"
"0x005ad108","TerminatedCString",20,"EnumFontFamiliesExW"
"0x005ad11e","TerminatedCString",22,"GetTextExtentPoint32W"
"0x005ad136","TerminatedCString",13,"SelectObject"
"0x005ad146","TerminatedCString",10,"SetBkMode"
"0x005ad152","TerminatedCString",13,"SetTextColor"
"0x005ad162","TerminatedCString",17,"CreateDIBSection"
"0x005ad176","TerminatedCString",9,"TextOutW"
"0x005ad182","TerminatedCString",17,"CreateSolidBrush"
"0x005ad196","TerminatedCString",14,"GetDeviceCaps"
"0x005ad1a6","TerminatedCString",15,"GetStockObject"
"0x005ad1b6","TerminatedCString",10,"GDI32.dll"
"0x005ad1c2","TerminatedCString",15,"CoUninitialize"
"0x005ad1d4","TerminatedCString",17,"CoCreateInstance"
"0x005ad1e8","TerminatedCString",13,"CoInitialize"
"0x005ad1f8","TerminatedCString",18,"CoSetProxyBlanket"
"0x005ad20a","TerminatedCString",10,"ole32.dll"
"0x005ad214","TerminatedCString",13,"OLEAUT32.dll"
"0x005ad224","TerminatedCString",19,"DirectInput8Create"
"0x005ad238","TerminatedCString",12,"DINPUT8.dll"
"0x005ad244","TerminatedCString",11,"DSOUND.dll"
"0x005ad252","TerminatedCString",16,"Direct3DCreate9"
"0x005ad262","TerminatedCString",9,"d3d9.dll"
"0x005ad26e","TerminatedCString",18,"D3DXVec3Transform"
"0x005ad282","TerminatedCString",16,"D3DXVec3Project"
"0x005ad294","TerminatedCString",19,"D3DXMatrixMultiply"
"0x005ad2aa","TerminatedCString",20,"D3DXMatrixRotationX"
"0x005ad2c0","TerminatedCString",20,"D3DXMatrixRotationY"
"0x005ad2d6","TerminatedCString",20,"D3DXMatrixRotationZ"
"0x005ad2ec","TerminatedCString",32,"D3DXLoadSurfaceFromFileInMemory"
"0x005ad30e","TerminatedCString",27,"D3DXLoadSurfaceFromSurface"
"0x005ad32c","TerminatedCString",18,"D3DXCreateTexture"
"0x005ad340","TerminatedCString",23,"D3DXVec3TransformCoord"
"0x005ad35a","TerminatedCString",21,"D3DXVec3ProjectArray"
"0x005ad372","TerminatedCString",22,"D3DXMatrixTranslation"
"0x005ad38a","TerminatedCString",19,"D3DXMatrixLookAtLH"
"0x005ad3a0","TerminatedCString",27,"D3DXMatrixPerspectiveFovLH"
"0x005ad3bc","TerminatedCString",13,"d3dx9_43.dll"
"0x005ad3cc","TerminatedCString",12,"timeGetTime"
"0x005ad3da","TerminatedCString",16,"timeBeginPeriod"
"0x005ad3ec","TerminatedCString",14,"timeEndPeriod"
"0x005ad3fc","TerminatedCString",12,"joyGetPosEx"
"0x005ad40a","TerminatedCString",15,"joyGetDevCapsW"
"0x005ad41a","TerminatedCString",10,"WINMM.dll"
"0x005ad424","TerminatedCString",14,"XINPUT1_4.dll"
"0x005ad434","TerminatedCString",10,"GdipAlloc"
"0x005ad440","TerminatedCString",9,"GdipFree"
"0x005ad44c","TerminatedCString",15,"GdiplusStartup"
"0x005ad45e","TerminatedCString",16,"GdiplusShutdown"
"0x005ad470","TerminatedCString",15,"GdipCloneImage"
"0x005ad482","TerminatedCString",17,"GdipDisposeImage"
"0x005ad496","TerminatedCString",20,"GdipSaveImageToFile"
"0x005ad4ac","TerminatedCString",28,"GdipCreateBitmapFromHBITMAP"
"0x005ad4ca","TerminatedCString",25,"GdipGetImageEncodersSize"
"0x005ad4e6","TerminatedCString",21,"GdipGetImageEncoders"
"0x005ad4fc","TerminatedCString",12,"gdiplus.dll"
"0x005ad50a","TerminatedCString",24,"ReleaseSRWLockExclusive"
"0x005ad524","TerminatedCString",24,"AcquireSRWLockExclusive"
"0x005ad53e","TerminatedCString",25,"WakeAllConditionVariable"
"0x005ad55a","TerminatedCString",26,"SleepConditionVariableSRW"
"0x005ad576","TerminatedCString",17,"GetModuleHandleW"
"0x005ad58a","TerminatedCString",15,"GetProcAddress"
"0x005ad59c","TerminatedCString",22,"WaitForSingleObjectEx"
"0x005ad5b4","TerminatedCString",19,"GetCurrentThreadId"
"0x005ad5ca","TerminatedCString",18,"GetExitCodeThread"
"0x005ad5de","TerminatedCString",27,"TryAcquireSRWLockExclusive"
"0x005ad5fc","TerminatedCString",15,"FormatMessageA"
"0x005ad60e","TerminatedCString",16,"GetLocaleInfoEx"
"0x005ad620","TerminatedCString",17,"CreateDirectoryW"
"0x005ad634","TerminatedCString",17,"FindFirstFileExW"
"0x005ad648","TerminatedCString",21,"GetFileAttributesExW"
"0x005ad660","TerminatedCString",16,"AreFileApisANSI"
"0x005ad672","TerminatedCString",29,"GetFileInformationByHandleEx"
"0x005ad692","TerminatedCString",24,"InitOnceBeginInitialize"
"0x005ad6ac","TerminatedCString",17,"InitOnceComplete"
"0x005ad6c0","TerminatedCString",13,"GetCPInfoExW"
"0x005ad6d0","TerminatedCString",28,"InitializeCriticalSectionEx"
"0x005ad6ee","TerminatedCString",24,"GetSystemTimeAsFileTime"
"0x005ad708","TerminatedCString",21,"EnterCriticalSection"
"0x005ad720","TerminatedCString",21,"LeaveCriticalSection"
"0x005ad738","TerminatedCString",22,"DeleteCriticalSection"
"0x005ad750","TerminatedCString",14,"EncodePointer"
"0x005ad760","TerminatedCString",14,"DecodePointer"
"0x005ad770","TerminatedCString",14,"LCMapStringEx"
"0x005ad780","TerminatedCString",15,"GetStringTypeW"
"0x005ad792","TerminatedCString",10,"GetCPInfo"
"0x005ad79e","TerminatedCString",25,"UnhandledExceptionFilter"
"0x005ad7ba","TerminatedCString",28,"SetUnhandledExceptionFilter"
"0x005ad7d8","TerminatedCString",18,"GetCurrentProcess"
"0x005ad7ec","TerminatedCString",17,"TerminateProcess"
"0x005ad800","TerminatedCString",26,"IsProcessorFeaturePresent"
"0x005ad81c","TerminatedCString",18,"IsDebuggerPresent"
"0x005ad830","TerminatedCString",20,"GetCurrentProcessId"
"0x005ad846","TerminatedCString",20,"InitializeSListHead"
"0x005ad85c","TerminatedCString",10,"RtlUnwind"
"0x005ad868","TerminatedCString",15,"RaiseException"
"0x005ad87a","TerminatedCString",13,"SetLastError"
"0x005ad88a","TerminatedCString",38,"InitializeCriticalSectionAndSpinCount"
"0x005ad8b2","TerminatedCString",9,"TlsAlloc"
"0x005ad8be","TerminatedCString",12,"TlsGetValue"
"0x005ad8cc","TerminatedCString",12,"TlsSetValue"
"0x005ad8da","TerminatedCString",8,"TlsFree"
"0x005ad8e4","TerminatedCString",12,"FreeLibrary"
"0x005ad8f2","TerminatedCString",15,"LoadLibraryExW"
"0x005ad904","TerminatedCString",11,"ExitThread"
"0x005ad912","TerminatedCString",25,"FreeLibraryAndExitThread"
"0x005ad92e","TerminatedCString",19,"GetModuleHandleExW"
"0x005ad944","TerminatedCString",12,"ExitProcess"
"0x005ad952","TerminatedCString",13,"GetStdHandle"
"0x005ad962","TerminatedCString",10,"HeapAlloc"
"0x005ad96e","TerminatedCString",9,"HeapFree"
"0x005ad97a","TerminatedCString",9,"FlsAlloc"
"0x005ad986","TerminatedCString",12,"FlsGetValue"
"0x005ad994","TerminatedCString",12,"FlsSetValue"
"0x005ad9a2","TerminatedCString",8,"FlsFree"
"0x005ad9ac","TerminatedCString",15,"VirtualProtect"
"0x005ad9be","TerminatedCString",15,"CompareStringW"
"0x005ad9d0","TerminatedCString",13,"LCMapStringW"
"0x005ad9e0","TerminatedCString",15,"GetLocaleInfoW"
"0x005ad9f2","TerminatedCString",14,"IsValidLocale"
"0x005ada02","TerminatedCString",19,"EnumSystemLocalesW"
"0x005ada18","TerminatedCString",12,"GetFileType"
"0x005ada26","TerminatedCString",23,"GetTimeZoneInformation"
"0x005ada40","TerminatedCString",17,"SetFilePointerEx"
"0x005ada54","TerminatedCString",12,"HeapReAlloc"
"0x005ada62","TerminatedCString",16,"IsValidCodePage"
"0x005ada74","TerminatedCString",7,"GetACP"
"0x005ada7e","TerminatedCString",9,"GetOEMCP"
"0x005ada8a","TerminatedCString",16,"GetCommandLineA"
"0x005ada9c","TerminatedCString",16,"GetCommandLineW"
"0x005adaae","TerminatedCString",23,"GetEnvironmentStringsW"
"0x005adac8","TerminatedCString",24,"FreeEnvironmentStringsW"
"0x005adae2","TerminatedCString",24,"SetEnvironmentVariableW"
"0x005adafc","TerminatedCString",15,"GetProcessHeap"
"0x005adb0e","TerminatedCString",9,"HeapSize"
"0x005adb1a","TerminatedCString",21,"HeapQueryInformation"
"0x005adb32","TerminatedCString",13,"SetStdHandle"
"0x005adb42","TerminatedCString",17,"FlushFileBuffers"
"0x005adb56","TerminatedCString",19,"GetConsoleOutputCP"
"0x005adb6c","TerminatedCString",15,"GetConsoleMode"
"0x005adb7e","TerminatedCString",14,"WriteConsoleW"
"0x005b2b5a","string",30,"abcdefghijklmnopqrstuvwxyz"
"0x005b2b7a","string",30,"ABCDEFGHIJKLMNOPQRSTUVWXYZ"
"0x005b2d69","string",27,"abcdefghijklmnopqrstuvwxyz"
"0x005b2d89","string",27,"ABCDEFGHIJKLMNOPQRSTUVWXYZ"
"0x005b3038","string",20,".?AVexception@std@@"
"0x005b3054","string",32,".?AVbad_array_new_length@std@@"
"0x005b307c","string",20,".?AVbad_alloc@std@@"
"0x005b3098","string",24,".?AVruntime_error@std@@"
"0x005b30b8","string",24,".?AVsystem_error@std@@"
"0x005b30d8","string",24,".?AV_System_error@std@@"
"0x005b30f8","string",40,".?AVfilesystem_error@filesystem@std@@"
"0x005b3128","string",124,".?AV<lambda_1>@?BE@??grpPrint@@YA?AUtagSIZE@@PBUtagRECT@@HKKPBDPAUIDirect3DTexture9@@HHHPA_NV?$function@$$A6AXXZ@std@@@Z@"
"0x005b31b0","string",68,".?AV<lambda_2>@?8??getSprt@SprtCtrlInf@@QAEPAVSprtInf@@VSprtID@@@Z@"
"0x005b3200","string",68,".?AV<lambda_1>@?8??getSprt@SprtCtrlInf@@QAEPAVSprtInf@@VSprtID@@@Z@"
"0x005b3250","string",112,".?AV<lambda_1>@?BB@??JPrintf@AsciiInf@@QAAXABVFVector@@V?$basic_string_view@DU?$char_traits@D@std@@@std@@ZZ@"
"0x005b32c8","string",124,".?AV<lambda_1>@?1???R0?BB@??JPrintf@AsciiInf@@QAAXABVFVector@@V?$basic_string_view@DU?$char_traits@D@std@@@std@@ZZ@QBE@XZ@"
"0x005b334c","string",48,".?AV<lambda_1>@?1??Start@CardInf@@QAEXHPADHH@Z@"
"0x005b3388","string",64,".?AV<lambda_1>@?1???R0?1??Start@CardInf@@QAEXHPADHH@Z@QBE@XZ@"
"0x005b33d0","string",48,".?AV<lambda_2>@?BD@??Anim@EndingMsgInf@@QAEHXZ@"
"0x005b3408","string",72,".?AV<lambda_1>@?1???R<lambda_2>@?BD@??Anim@EndingMsgInf@@QAEHXZ@QBE@XZ@"
"0x005b3458","string",48,".?AV<lambda_1>@?BB@??Anim@EndingMsgInf@@QAEHXZ@"
"0x005b3490","string",64,".?AV<lambda_1>@?1???R0?BB@??Anim@EndingMsgInf@@QAEHXZ@QBE@XZ@"
"0x005b3510","string",68,".?AV<lambda_1>@?1???R<lambda_14>@?BB@??Anim@MsgInf@@QAEHXZ@QBE@XZ@"
"0x005b355c","string",44,".?AV<lambda_13>@?BB@??Anim@MsgInf@@QAEHXZ@"
"0x005b3590","string",68,".?AV<lambda_1>@?1???R<lambda_13>@?BB@??Anim@MsgInf@@QAEHXZ@QBE@XZ@"
"0x005b35dc","string",44,".?AV<lambda_12>@?BB@??Anim@MsgInf@@QAEHXZ@"
"0x005b3610","string",68,".?AV<lambda_1>@?1???R<lambda_12>@?BB@??Anim@MsgInf@@QAEHXZ@QBE@XZ@"
"0x005b3690","string",68,".?AV<lambda_1>@?1???R<lambda_11>@?BB@??Anim@MsgInf@@QAEHXZ@QBE@XZ@"
"0x005b36dc","string",44,".?AV<lambda_10>@?BB@??Anim@MsgInf@@QAEHXZ@"
"0x005b3710","string",68,".?AV<lambda_1>@?1???R<lambda_10>@?BB@??Anim@MsgInf@@QAEHXZ@QBE@XZ@"
"0x005b3790","string",68,".?AV<lambda_1>@?1???R<lambda_9>@?BB@??Anim@MsgInf@@QAEHXZ@QBE@XZ@"
"0x005b3810","string",68,".?AV<lambda_1>@?1???R<lambda_8>@?BB@??Anim@MsgInf@@QAEHXZ@QBE@XZ@"
"0x005b3890","string",68,".?AV<lambda_1>@?1???R<lambda_7>@?BB@??Anim@MsgInf@@QAEHXZ@QBE@XZ@"
"0x005b3910","string",68,".?AV<lambda_1>@?1???R<lambda_6>@?CF@??Anim@MsgInf@@QAEHXZ@QBE@XZ@"
"0x005b3990","string",68,".?AV<lambda_1>@?1???R<lambda_5>@?CD@??Anim@MsgInf@@QAEHXZ@QBE@XZ@"
"0x005b3a10","string",68,".?AV<lambda_1>@?1???R<lambda_4>@?BM@??Anim@MsgInf@@QAEHXZ@QBE@XZ@"
"0x005b3a90","string",68,".?AV<lambda_1>@?1???R<lambda_3>@?BK@??Anim@MsgInf@@QAEHXZ@QBE@XZ@"
"0x005b3b10","string",68,".?AV<lambda_1>@?1???R<lambda_2>@?BB@??Anim@MsgInf@@QAEHXZ@QBE@XZ@"
"0x005b3bd0","string",44,".?AV<lambda_5>@?5??Calc@NoticeInf@@QAEHXZ@"
"0x005b3c04","string",44,".?AV<lambda_4>@?P@??Calc@NoticeInf@@QAEHXZ@"
"0x005b3c38","string",44,".?AV<lambda_3>@?O@??Calc@NoticeInf@@QAEHXZ@"
"0x005b3c6c","string",44,".?AV<lambda_2>@?L@??Calc@NoticeInf@@QAEHXZ@"
"0x005b3ca0","string",44,".?AV<lambda_1>@?7??Calc@NoticeInf@@QAEHXZ@"
"0x005b3cd4","string",20,".?AVbad_cast@std@@"
"0x005b3cf0","string",24,".?AVformat_error@std@@"
"0x005b3d10","string",60,".?AV<lambda_2>@?1??Start@StoneEnemyInf@@QAEXVEnemyID@@H@Z@"
"0x005b3d54","string",28,".?AVfailure@ios_base@std@@"
"0x005b3d78","string",44,".?AV<lambda_2>@?6??Calc@TrophyInf@@QAEHXZ@"
"0x005b3dac","string",44,".?AV<lambda_1>@?6??Calc@TrophyInf@@QAEHXZ@"
"0x005b3de0","string",60,".?AV<lambda_1>@?9??CalcSub@StoneYellowReimu2Inf@@UAEXXZ@"
"0x005b3e28","string",60,".?AV<lambda_1>@?4??CalcMain@StoneYellowReimu2Inf@@UAEXXZ@"
"0x005b3e70","string",64,".?AV<lambda_1>@?8??OnStoneAttack@StoneYellowReimu2Inf@@UAEHXZ@"
"0x005b3eb8","string",60,".?AV<lambda_1>@?9??CalcSub@StoneYellowMarisa2Inf@@UAEXXZ@"
"0x005b3f00","string",60,".?AV<lambda_1>@?4??CalcMain@StoneYellowMarisa2Inf@@UAEXXZ@"
"0x005b3f48","string",64,".?AV<lambda_1>@?8??OnStoneAttack@StoneYellowMarisa2Inf@@UAEHXZ@"
"0x005b3f90","string",28,".?AVinvalid_argument@std@@"
"0x005b3fb4","string",24,".?AVlogic_error@std@@"
"0x005b3fd4","string",24,".?AVlength_error@std@@"
"0x005b3ff4","string",24,".?AVout_of_range@std@@"
"0x005b4014","string",28,".?AVbad_function_call@std@@"
"0x005b4038","string",24,".?AVbad_exception@std@@"
"0x005b4058","string",28,".?AVerror_category@std@@"
"0x005b407c","string",36,".?AV_Generic_error_category@std@@"
"0x005b40a8","string",36,".?AV_System_error_category@std@@"
"0x005b40f8","string",156,".?AV?$_Func_impl_no_alloc@V<lambda_1>@?BE@??grpPrint@@YA?AUtagSIZE@@PBUtagRECT@@HKKPBDPAUIDirect3DTexture9@@HHHPA_NV?$function@$$A6AXXZ@std@@@Z@X$$V@std@@"
"0x005b419c","string",32,".?AVmemory_resource@pmr@std@@"
"0x005b41c4","string",28,".?AVdebug_memory_resource@@"
"0x005b41e8","string",16,".?AVTaskInf@@"
"0x005b4200","string",16,".?AVInputInf@@"
"0x005b4218","string",16,".?AVScreenInf@@"
"0x005b4230","string",24,".?AVSprtFuncBaseInf@@"
"0x005b4250","string",56,".?AV?$_Func_base@_NAAV?$LinkInf@PAVSprtInf@@@@@std@@"
"0x005b4290","string",128,".?AV?$_Func_impl_no_alloc@V<lambda_1>@?8??getSprt@SprtCtrlInf@@QAEPAVSprtInf@@VSprtID@@@Z@_NAAV?$LinkInf@PAVSprtInf@@@@@std@@"
"0x005b4318","string",128,".?AV?$_Func_impl_no_alloc@V<lambda_2>@?8??getSprt@SprtCtrlInf@@QAEPAVSprtInf@@VSprtID@@@Z@_NAAV?$LinkInf@PAVSprtInf@@@@@std@@"
"0x005b43b8","string",24,".?AVCStreamingSound@@"
"0x005b43d8","string",28,".?AVEffectChargePointInf@@"
"0x005b43fc","string",24,".?AVEffectFanSparkInf@@"
"0x005b441c","string",28,".?AVEffectLineEffectInf@@"
"0x005b4440","string",28,".?AVEffectLineSparkInf@@"
"0x005b4464","string",28,".?AVEffectLineSpark2Inf@@"
"0x005b4488","string",28,".?AVEffectLineStoneInf@@"
"0x005b44ac","string",28,".?AVEffectLineStone2Inf@@"
"0x005b44d0","string",28,".?AVEffectMenuWindowInf@@"
"0x005b44f4","string",24,".?AVEffectPyramidInf@@"
"0x005b4514","string",28,".?AVEffectScreenSwitchInf@@"
"0x005b4538","string",32,".?AVEffectShortLineEffectInf@@"
"0x005b4560","string",32,".?AVEffectShortLineEffect2Inf@@"
"0x005b4588","string",32,".?AVEffectShortLineEffect3Inf@@"
"0x005b45b0","string",32,".?AVEffectStoneGaugeLineInf@@"
"0x005b45d8","string",16,".?AVAsciiInf@@"
"0x005b45f0","string",156,".?AV?$_Func_impl_no_alloc@V<lambda_1>@?1???R1?BB@??JPrintf@AsciiInf@@QAAXABVFVector@@V?$basic_string_view@DU?$char_traits@D@std@@@std@@ZZ@QBE@XZ@X$$V@std@@"
"0x005b4698","string",144,".?AV?$_Func_impl_no_alloc@V<lambda_1>@?BB@??JPrintf@AsciiInf@@QAAXABVFVector@@V?$basic_string_view@DU?$char_traits@D@std@@@std@@ZZ@X$$V@std@@"
"0x005b4730","string",20,".?AVBackGroundInf@@"
"0x005b4764","string",20,".?AVBombBaseInf@@"
"0x005b4780","string",24,".?AVBombMarisaAInf@@"
"0x005b47a0","string",20,".?AVBombReimuAInf@@"
"0x005b47bc","string",28,".?AV_Ref_count_base@std@@"
"0x005b47e0","string",16,".?AVBulletInf@@"
"0x005b47f8","string",84,".?AV?$_Ref_count_obj_alloc3@UEtamaArgInf@@U?$DebugAllocator@UEtamaArgInf@@@@@std@@"
"0x005b4858","string",64,".?AV?$_Ebco_base@U?$DebugAllocator@UEtamaArgInf@@@@$00@std@@"
"0x005b48a0","string",40,".?AU?$DebugAllocator@UEtamaArgInf@@@@"
"0x005b48d0","string",16,".?AVCardInf@@"
"0x005b48e8","string",96,".?AV?$_Func_impl_no_alloc@V<lambda_1>@?1???R1?1??Start@CardInf@@QAEXHPADHH@Z@QBE@XZ@X$$V@std@@"
"0x005b4950","string",84,".?AV?$_Func_impl_no_alloc@V<lambda_1>@?1??Start@CardInf@@QAEXHPADHH@Z@X$$V@std@@"
"0x005b49ac","string",16,".?AVEffectInf@@"
"0x005b49c4","string",16,".?AVEndingInf@@"
"0x005b49e0","string",96,".?AV?$_Func_impl_no_alloc@V<lambda_1>@?1???R1?BB@??Anim@EndingMsgInf@@QAEHXZ@QBE@XZ@X$$V@std@@"
"0x005b4a48","string",84,".?AV?$_Func_impl_no_alloc@V<lambda_1>@?BB@??Anim@EndingMsgInf@@QAEHXZ@X$$V@std@@"
"0x005b4aa8","string",108,".?AV?$_Func_impl_no_alloc@V<lambda_1>@?1???R<lambda_2>@?BD@??Anim@EndingMsgInf@@QAEHXZ@QBE@XZ@X$$V@std@@"
"0x005b4b20","string",84,".?AV?$_Func_impl_no_alloc@V<lambda_2>@?BD@??Anim@EndingMsgInf@@QAEHXZ@X$$V@std@@"
"0x005b4b7c","string",20,".?AVEnemyCtrlInf@@"
"0x005b4b98","string",24,".?AVSptResourceInf@@"
"0x005b4bd0","string",16,".?AVEnemyInf@@"
"0x005b4be8","string",24,".?AVEclResourceInf@@"
"0x005b4c20","string",16,".?AVFrontInf@@"
"0x005b4c38","string",92,".?AV?$_Func_impl_no_alloc@V<lambda_1>@?1???R1?BB@??Anim@MsgInf@@QAEHXZ@QBE@XZ@X$$V@std@@"
"0x005b4ca0","string",76,".?AV?$_Func_impl_no_alloc@V<lambda_1>@?BB@??Anim@MsgInf@@QAEHXZ@X$$V@std@@"
"0x005b4cf8","string",100,".?AV?$_Func_impl_no_alloc@V<lambda_1>@?1???R<lambda_2>@?BB@??Anim@MsgInf@@QAEHXZ@QBE@XZ@X$$V@std@@"
"0x005b4d68","string",76,".?AV?$_Func_impl_no_alloc@V<lambda_2>@?BB@??Anim@MsgInf@@QAEHXZ@X$$V@std@@"
"0x005b4dc0","string",100,".?AV?$_Func_impl_no_alloc@V<lambda_1>@?1???R<lambda_3>@?BK@??Anim@MsgInf@@QAEHXZ@QBE@XZ@X$$V@std@@"
"0x005b4e30","string",76,".?AV?$_Func_impl_no_alloc@V<lambda_3>@?BK@??Anim@MsgInf@@QAEHXZ@X$$V@std@@"
"0x005b4e88","string",100,".?AV?$_Func_impl_no_alloc@V<lambda_1>@?1???R<lambda_4>@?BM@??Anim@MsgInf@@QAEHXZ@QBE@XZ@X$$V@std@@"
"0x005b4ef8","string",76,".?AV?$_Func_impl_no_alloc@V<lambda_4>@?BM@??Anim@MsgInf@@QAEHXZ@X$$V@std@@"
"0x005b4f50","string",100,".?AV?$_Func_impl_no_alloc@V<lambda_1>@?1???R<lambda_5>@?CD@??Anim@MsgInf@@QAEHXZ@QBE@XZ@X$$V@std@@"
"0x005b4fc0","string",76,".?AV?$_Func_impl_no_alloc@V<lambda_5>@?CD@??Anim@MsgInf@@QAEHXZ@X$$V@std@@"
"0x005b5018","string",100,".?AV?$_Func_impl_no_alloc@V<lambda_1>@?1???R<lambda_6>@?CF@??Anim@MsgInf@@QAEHXZ@QBE@XZ@X$$V@std@@"
"0x005b5088","string",76,".?AV?$_Func_impl_no_alloc@V<lambda_6>@?CF@??Anim@MsgInf@@QAEHXZ@X$$V@std@@"
"0x005b50e0","string",100,".?AV?$_Func_impl_no_alloc@V<lambda_1>@?1???R<lambda_7>@?BB@??Anim@MsgInf@@QAEHXZ@QBE@XZ@X$$V@std@@"
"0x005b5150","string",76,".?AV?$_Func_impl_no_alloc@V<lambda_7>@?BB@??Anim@MsgInf@@QAEHXZ@X$$V@std@@"
"0x005b51a8","string",100,".?AV?$_Func_impl_no_alloc@V<lambda_1>@?1???R<lambda_8>@?BB@??Anim@MsgInf@@QAEHXZ@QBE@XZ@X$$V@std@@"
"0x005b5218","string",76,".?AV?$_Func_impl_no_alloc@V<lambda_8>@?BB@??Anim@MsgInf@@QAEHXZ@X$$V@std@@"
"0x005b5270","string",100,".?AV?$_Func_impl_no_alloc@V<lambda_1>@?1???R<lambda_9>@?BB@??Anim@MsgInf@@QAEHXZ@QBE@XZ@X$$V@std@@"
"0x005b52e0","string",76,".?AV?$_Func_impl_no_alloc@V<lambda_9>@?BB@??Anim@MsgInf@@QAEHXZ@X$$V@std@@"
"0x005b5338","string",100,".?AV?$_Func_impl_no_alloc@V<lambda_1>@?1???R<lambda_10>@?BB@??Anim@MsgInf@@QAEHXZ@QBE@XZ@X$$V@std@@"
"0x005b53a8","string",76,".?AV?$_Func_impl_no_alloc@V<lambda_10>@?BB@??Anim@MsgInf@@QAEHXZ@X$$V@std@@"
"0x005b5400","string",100,".?AV?$_Func_impl_no_alloc@V<lambda_1>@?1???R<lambda_11>@?BB@??Anim@MsgInf@@QAEHXZ@QBE@XZ@X$$V@std@@"
"0x005b5470","string",76,".?AV?$_Func_impl_no_alloc@V<lambda_11>@?BB@??Anim@MsgInf@@QAEHXZ@X$$V@std@@"
"0x005b54c8","string",100,".?AV?$_Func_impl_no_alloc@V<lambda_1>@?1???R<lambda_12>@?BB@??Anim@MsgInf@@QAEHXZ@QBE@XZ@X$$V@std@@"
"0x005b5538","string",76,".?AV?$_Func_impl_no_alloc@V<lambda_12>@?BB@??Anim@MsgInf@@QAEHXZ@X$$V@std@@"
"0x005b5590","string",100,".?AV?$_Func_impl_no_alloc@V<lambda_1>@?1???R<lambda_13>@?BB@??Anim@MsgInf@@QAEHXZ@QBE@XZ@X$$V@std@@"
"0x005b5600","string",76,".?AV?$_Func_impl_no_alloc@V<lambda_13>@?BB@??Anim@MsgInf@@QAEHXZ@X$$V@std@@"
"0x005b5658","string",100,".?AV?$_Func_impl_no_alloc@V<lambda_1>@?1???R<lambda_14>@?BB@??Anim@MsgInf@@QAEHXZ@QBE@XZ@X$$V@std@@"
"0x005b56c8","string",76,".?AV?$_Func_impl_no_alloc@V<lambda_14>@?BB@??Anim@MsgInf@@QAEHXZ@X$$V@std@@"
"0x005b571c","string",16,".?AVGameInf@@"
"0x005b574c","string",20,".?AVHitCtrlInf@@"
"0x005b5768","string",16,".?AVItemInf@@"
"0x005b5780","string",24,".?AVKeyConfigTaskInf@@"
"0x005b57a0","string",16,".?AVLaserInf@@"
"0x005b57b8","string",20,".?AVLaserDataInf@@"
"0x005b57d4","string",20,".?AVLaserLineInf@@"
"0x005b57f0","string",20,".?AVLaserCurveInf@@"
"0x005b580c","string",24,".?AVLaserInfiniteInf@@"
"0x005b582c","string",20,".?AVLaserBeamInf@@"
"0x005b5848","string",20,".?AVLoadingInf@@"
"0x005b5864","string",28,".?AVGdiplusBase@Gdiplus@@"
"0x005b5888","string",24,".?AVBitmap@Gdiplus@@"
"0x005b58a8","string",20,".?AVImage@Gdiplus@@"
"0x005b58c4","string",16,".?AVNoticeInf@@"
"0x005b58e0","string",76,".?AV?$_Func_impl_no_alloc@V<lambda_1>@?7??Calc@NoticeInf@@QAEHXZ@X$$V@std@@"
"0x005b5938","string",80,".?AV?$_Func_impl_no_alloc@V<lambda_2>@?L@??Calc@NoticeInf@@QAEHXZ@X$$V@std@@"
"0x005b5990","string",80,".?AV?$_Func_impl_no_alloc@V<lambda_3>@?O@??Calc@NoticeInf@@QAEHXZ@X$$V@std@@"
"0x005b59e8","string",80,".?AV?$_Func_impl_no_alloc@V<lambda_4>@?P@??Calc@NoticeInf@@QAEHXZ@X$$V@std@@"
"0x005b5a40","string",76,".?AV?$_Func_impl_no_alloc@V<lambda_5>@?5??Calc@NoticeInf@@QAEHXZ@X$$V@std@@"
"0x005b5a94","string",20,".?AVOptionTaskInf@@"
"0x005b5ac8","string",24,".?AV_Facet_base@std@@"
"0x005b5ae8","string",24,".?AVfacet@locale@std@@"
"0x005b5b08","string",28,".?AU_Crt_new_delete@std@@"
"0x005b5b2c","string",28,".?AV?$_Fmt_buffer@D@std@@"
"0x005b5b50","string",16,".?AVPlayerInf@@"
"0x005b5b68","string",36,".?AV?$_Fmt_counting_buffer@D@std@@"
"0x005b5b98","string",128,".?AV?$_Fmt_iterator_buffer@V?$_String_iterator@V?$_String_val@U?$_Simple_types@D@std@@@std@@@std@@DU_Fmt_buffer_traits@2@@std@@"
"0x005b5c20","string",32,".?AU_Fmt_buffer_traits@std@@"
"0x005b5c48","string",24,".?AV?$numpunct@D@std@@"
"0x005b5c68","string",16,".?AVReplayInf@@"
"0x005b5c80","string",20,".?AVSmallScoreInf@@"
"0x005b5c9c","string",20,".?AVStageClearInf@@"
"0x005b5cb8","string",40,".?AV?$_Func_base@HPAVEnemyInf@@@std@@"
"0x005b5ce8","string",104,".?AV?$_Func_impl_no_alloc@V<lambda_2>@?1??Start@StoneEnemyInf@@QAEXVEnemyID@@H@Z@HPAVEnemyInf@@@std@@"
"0x005b5d58","string",20,".?AVios_base@std@@"
"0x005b5d90","string",36,".?AV_Iostream_error_category2@std@@"
"0x005b5dbc","string",24,".?AUctype_base@std@@"
"0x005b5df8","string",48,".?AV?$basic_ios@DU?$char_traits@D@std@@@std@@"
"0x005b5e30","string",52,".?AV?$basic_streambuf@DU?$char_traits@D@std@@@std@@"
"0x005b5e6c","string",52,".?AV?$basic_istream@DU?$char_traits@D@std@@@std@@"
"0x005b5ea8","string",72,".?AV?$basic_stringbuf@DU?$char_traits@D@std@@V?$allocator@D@2@@std@@"
"0x005b5ef8","string",76,".?AV?$basic_istringstream@DU?$char_traits@D@std@@V?$allocator@D@2@@std@@"
"0x005b5f4c","string",20,".?AVStoneMenuInf@@"
"0x005b5f68","string",16,".?AVTitleInf@@"
"0x005b5f80","string",16,".?AVTrophyInf@@"
"0x005b5f98","string",76,".?AV?$_Func_impl_no_alloc@V<lambda_1>@?6??Calc@TrophyInf@@QAEHXZ@X$$V@std@@"
"0x005b5ff0","string",76,".?AV?$_Func_impl_no_alloc@V<lambda_2>@?6??Calc@TrophyInf@@QAEHXZ@X$$V@std@@"
"0x005b6044","string",20,".?AVStoneBaseInf@@"
"0x005b6060","string",24,".?AVStoneBlueReimuInf@@"
"0x005b6080","string",28,".?AVStoneBlueReimu2Inf@@"
"0x005b60a4","string",28,".?AVStoneBlueMarisa2Inf@@"
"0x005b60c8","string",28,".?AVStoneBlueMarisaInf@@"
"0x005b60ec","string",28,".?AVStoneGreenReimuInf@@"
"0x005b6110","string",28,".?AVStoneGreenReimu2Inf@@"
"0x005b6134","string",28,".?AVStoneGreenMarisa2Inf@@"
"0x005b6158","string",28,".?AVStoneGreenMarisaInf@@"
"0x005b617c","string",24,".?AVStoneRedReimuInf@@"
"0x005b619c","string",24,".?AVStoneRedReimu2Inf@@"
"0x005b61bc","string",28,".?AVStoneRedMarisa2Inf@@"
"0x005b61e0","string",24,".?AVStoneRedMarisaInf@@"
"0x005b6200","string",24,".?AVWeaponStoneInf@@"
"0x005b6220","string",28,".?AVStoneYellowReimuInf@@"
"0x005b6244","string",28,".?AVStoneYellowReimu2Inf@@"
"0x005b6268","string",40,".?AV?$_Func_base@HAAVFVector@@@std@@"
"0x005b6298","string",108,".?AV?$_Func_impl_no_alloc@V<lambda_1>@?8??OnStoneAttack@StoneYellowReimu2Inf@@UAEHXZ@HAAVFVector@@@std@@"
"0x005b6310","string",100,".?AV?$_Func_impl_no_alloc@V<lambda_1>@?4??CalcMain@StoneYellowReimu2Inf@@UAEXXZ@HAAVFVector@@@std@@"
"0x005b6380","string",100,".?AV?$_Func_impl_no_alloc@V<lambda_1>@?9??CalcSub@StoneYellowReimu2Inf@@UAEXXZ@HAAVFVector@@@std@@"
"0x005b63ec","string",28,".?AVStoneYellowMarisa2Inf@@"
"0x005b6410","string",108,".?AV?$_Func_impl_no_alloc@V<lambda_1>@?8??OnStoneAttack@StoneYellowMarisa2Inf@@UAEHXZ@HAAVFVector@@@std@@"
"0x005b6488","string",104,".?AV?$_Func_impl_no_alloc@V<lambda_1>@?4??CalcMain@StoneYellowMarisa2Inf@@UAEXXZ@HAAVFVector@@@std@@"
"0x005b64f8","string",100,".?AV?$_Func_impl_no_alloc@V<lambda_1>@?9??CalcSub@StoneYellowMarisa2Inf@@UAEXXZ@HAAVFVector@@@std@@"
"0x005b6564","string",28,".?AVStoneYellowMarisaInf@@"
"0x005b65b8","string",40,".?AV_Identity_equal_resource@pmr@std@@"
"0x005b65e8","string",48,".?AV_Aligned_new_delete_resource_impl@pmr@std@@"
"0x005b6620","string",28,".?AV_Locimp@locale@std@@"
"0x005b6644","string",16,".?AVtype_info@@"
"0x005e8670","TerminatedCString",382,"<?xml version='1.0' encoding='UTF-8' standalone='yes'?>
<assembly xmlns='urn:schemas-microsoft-com:asm.v1' manifestVersion='1.0'>
  <trustInfo xmlns=""urn:schemas-microsoft-com:asm.v3"">
    <security>
      <requestedPrivileges>
        <requestedExecutionLevel level='asInvoker' uiAccess='false' />
      </requestedPrivileges>
    </security>
  </trustInfo>
</assembly>
"
